speaker_number,vo_overlap,vo_total,total_token_number,overlap,begin,end,file
2,13,159,361,0.08176100628930817,0,50,S2A5.tsv
2,36,247,763,0.145748987854251,0,100,S2A5.tsv
2,57,322,1140,0.17701863354037267,0,150,S2A5.tsv
2,78,380,1589,0.20526315789473684,0,200,S2A5.tsv
2,84,390,1639,0.2153846153846154,0,207,S2A5.tsv
