speaker_number,vo_overlap,vo_total,total_token_number,overlap,begin,end,file
2,35,221,752,0.1583710407239819,0,50,S3XC.tsv
2,80,407,2056,0.19656019656019655,0,100,S3XC.tsv
2,93,449,2315,0.2071269487750557,0,115,S3XC.tsv
