speaker_number,vo_overlap,vo_total,total_token_number,overlap,begin,end,file
2,37,272,1046,0.13602941176470587,0,50,S4PC.tsv
2,62,405,1973,0.15308641975308643,0,100,S4PC.tsv
2,86,562,2994,0.15302491103202848,0,150,S4PC.tsv
2,128,703,4184,0.18207681365576103,0,200,S4PC.tsv
2,128,707,4225,0.18104667609618105,0,204,S4PC.tsv
