speaker_number,vo_overlap,vo_total,total_token_number,overlap,begin,end,file
2,10,178,480,0.056179775280898875,0,50,S6QU.tsv
2,24,254,867,0.09448818897637795,0,100,S6QU.tsv
2,60,372,1472,0.16129032258064516,0,150,S6QU.tsv
2,82,444,1969,0.18468468468468469,0,200,S6QU.tsv
2,95,498,2480,0.19076305220883535,0,250,S6QU.tsv
2,106,562,2901,0.18861209964412812,0,300,S6QU.tsv
2,122,608,3340,0.20065789473684212,0,350,S6QU.tsv
2,137,679,3874,0.20176730486008837,0,400,S6QU.tsv
2,148,714,4157,0.20728291316526612,0,422,S6QU.tsv
