speaker_number,vo_overlap,vo_total,total_token_number,overlap,begin,end,file
2,29,204,561,0.14215686274509803,0,50,S7QY.tsv
2,61,342,1283,0.1783625730994152,0,100,S7QY.tsv
2,100,449,2077,0.22271714922049,0,150,S7QY.tsv
2,125,556,2882,0.22482014388489208,0,200,S7QY.tsv
2,149,632,3575,0.23575949367088608,0,250,S7QY.tsv
2,166,721,4400,0.2302357836338419,0,300,S7QY.tsv
2,187,762,4956,0.24540682414698162,0,350,S7QY.tsv
2,195,802,5337,0.243142144638404,0,376,S7QY.tsv
