speaker_number,vo_overlap,vo_total,total_token_number,overlap,begin,end,file
2,23,191,519,0.12041884816753927,0,50,S8S2.tsv
2,44,300,953,0.14666666666666667,0,100,S8S2.tsv
2,72,518,1760,0.138996138996139,0,150,S8S2.tsv
2,90,561,2051,0.16042780748663102,0,200,S8S2.tsv
2,102,596,2372,0.17114093959731544,0,250,S8S2.tsv
2,111,614,2504,0.18078175895765472,0,268,S8S2.tsv
