speaker_number,vo_overlap,vo_total,total_token_number,overlap,begin,end,file
2,42,225,659,0.18666666666666668,0,50,SAZ8.tsv
2,65,316,1258,0.20569620253164558,0,100,SAZ8.tsv
2,83,444,2072,0.18693693693693694,0,150,SAZ8.tsv
2,109,538,3060,0.20260223048327136,0,200,SAZ8.tsv
2,131,584,3758,0.2243150684931507,0,250,SAZ8.tsv
2,158,646,4435,0.24458204334365324,0,300,SAZ8.tsv
2,162,668,4627,0.24251497005988024,0,323,SAZ8.tsv
