speaker_number,vo_overlap,vo_total,total_token_number,overlap,begin,end,file
2,23,208,663,0.11057692307692307,0,50,SBFR.tsv
2,59,338,1459,0.17455621301775148,0,100,SBFR.tsv
2,83,411,2124,0.20194647201946472,0,150,SBFR.tsv
2,100,486,2725,0.205761316872428,0,200,SBFR.tsv
2,115,527,3199,0.21821631878557876,0,250,SBFR.tsv
2,128,564,3658,0.22695035460992907,0,300,SBFR.tsv
2,142,600,4113,0.23666666666666666,0,350,SBFR.tsv
2,142,602,4129,0.23588039867109634,0,352,SBFR.tsv
