speaker_number,vo_overlap,vo_total,total_token_number,overlap,begin,end,file
2,28,232,722,0.1206896551724138,0,50,SBXK.tsv
2,54,333,1193,0.16216216216216217,0,100,SBXK.tsv
2,81,360,1551,0.225,0,150,SBXK.tsv
2,101,417,1996,0.2422062350119904,0,200,SBXK.tsv
2,121,469,2540,0.2579957356076759,0,250,SBXK.tsv
2,145,587,3385,0.24701873935264054,0,300,SBXK.tsv
2,148,590,3462,0.25084745762711863,0,309,SBXK.tsv
