speaker_number,vo_overlap,vo_total,total_token_number,overlap,begin,end,file
2,30,222,738,0.13513513513513514,0,50,SD68.tsv
2,67,363,1701,0.18457300275482094,0,100,SD68.tsv
2,96,481,2658,0.1995841995841996,0,150,SD68.tsv
2,118,583,3832,0.20240137221269297,0,200,SD68.tsv
2,139,650,4632,0.21384615384615385,0,237,SD68.tsv
