speaker_number,vo_overlap,vo_total,total_token_number,overlap,begin,end,file
2,18,156,450,0.11538461538461539,0,50,SFR2.tsv
2,36,236,874,0.15254237288135594,0,100,SFR2.tsv
2,55,307,1338,0.1791530944625407,0,150,SFR2.tsv
2,68,363,1786,0.18732782369146006,0,200,SFR2.tsv
2,85,403,2175,0.2109181141439206,0,250,SFR2.tsv
2,97,452,2603,0.21460176991150443,0,300,SFR2.tsv
2,109,501,3022,0.21756487025948104,0,350,SFR2.tsv
2,121,543,3470,0.22283609576427257,0,400,SFR2.tsv
2,123,549,3491,0.22404371584699453,0,405,SFR2.tsv
