speaker_number,vo_overlap,vo_total,total_token_number,overlap,begin,end,file
2,28,188,596,0.14893617021276595,0,50,SH9T.tsv
2,60,290,1221,0.20689655172413793,0,100,SH9T.tsv
2,85,358,1734,0.23743016759776536,0,150,SH9T.tsv
2,104,418,2215,0.24880382775119617,0,200,SH9T.tsv
2,104,418,2215,0.24880382775119617,0,200,SH9T.tsv
