speaker_number,vo_overlap,vo_total,total_token_number,overlap,begin,end,file
2,22,208,586,0.10576923076923077,0,50,SHT2.tsv
2,53,346,1242,0.1531791907514451,0,100,SHT2.tsv
2,77,421,1736,0.1828978622327791,0,150,SHT2.tsv
2,107,534,2394,0.20037453183520598,0,200,SHT2.tsv
2,125,594,2977,0.21043771043771045,0,250,SHT2.tsv
2,125,595,2980,0.21008403361344538,0,251,SHT2.tsv
