speaker_number,vo_overlap,vo_total,total_token_number,overlap,begin,end,file
2,22,165,391,0.13333333333333333,0,50,SKJ4.tsv
2,43,245,749,0.17551020408163265,0,100,SKJ4.tsv
2,58,311,1110,0.1864951768488746,0,150,SKJ4.tsv
2,73,378,1483,0.1931216931216931,0,200,SKJ4.tsv
2,89,410,1843,0.21707317073170732,0,250,SKJ4.tsv
2,100,438,2081,0.228310502283105,0,274,SKJ4.tsv
