speaker_number,vo_overlap,vo_total,total_token_number,overlap,begin,end,file
2,27,192,549,0.140625,0,50,SMRU.tsv
2,45,319,1105,0.14106583072100312,0,100,SMRU.tsv
2,72,440,1755,0.16363636363636364,0,150,SMRU.tsv
2,93,530,2362,0.17547169811320754,0,200,SMRU.tsv
2,117,631,3084,0.18541996830427893,0,250,SMRU.tsv
2,132,686,3581,0.1924198250728863,0,300,SMRU.tsv
2,144,732,3974,0.19672131147540983,0,350,SMRU.tsv
2,144,732,3974,0.19672131147540983,0,350,SMRU.tsv
