speaker_number,vo_overlap,vo_total,total_token_number,overlap,begin,end,file
2,20,206,545,0.0970873786407767,0,50,SQ63.tsv
2,47,336,1170,0.13988095238095238,0,100,SQ63.tsv
2,62,386,1538,0.16062176165803108,0,150,SQ63.tsv
2,70,449,1970,0.155902004454343,0,200,SQ63.tsv
2,87,527,2578,0.1650853889943074,0,250,SQ63.tsv
2,99,582,3045,0.17010309278350516,0,300,SQ63.tsv
2,105,603,3178,0.17412935323383086,0,313,SQ63.tsv
