speaker_number,vo_overlap,vo_total,total_token_number,overlap,begin,end,file
2,26,147,416,0.17687074829931973,0,50,SRDJ.tsv
2,52,273,1137,0.19047619047619047,0,100,SRDJ.tsv
2,77,386,1875,0.19948186528497408,0,150,SRDJ.tsv
2,95,446,2487,0.21300448430493274,0,200,SRDJ.tsv
2,121,500,2981,0.242,0,250,SRDJ.tsv
2,137,549,3532,0.2495446265938069,0,296,SRDJ.tsv
