speaker_number,vo_overlap,vo_total,total_token_number,overlap,begin,end,file
2,16,175,526,0.09142857142857143,0,50,SRF6.tsv
2,34,230,958,0.14782608695652175,0,100,SRF6.tsv
2,48,271,1323,0.17712177121771217,0,150,SRF6.tsv
2,74,327,1741,0.22629969418960244,0,200,SRF6.tsv
2,80,377,2117,0.21220159151193635,0,250,SRF6.tsv
2,90,415,2413,0.21686746987951808,0,289,SRF6.tsv
