speaker_number,vo_overlap,vo_total,total_token_number,overlap,begin,end,file
2,36,323,991,0.11145510835913312,0,50,STEY.tsv
2,63,427,1580,0.14754098360655737,0,100,STEY.tsv
2,102,564,2383,0.18085106382978725,0,150,STEY.tsv
2,120,651,2994,0.18433179723502305,0,200,STEY.tsv
2,148,745,3729,0.19865771812080538,0,250,STEY.tsv
2,151,764,3848,0.19764397905759162,0,260,STEY.tsv
