speaker_number,vo_overlap,vo_total,total_token_number,overlap,begin,end,file
2,22,211,600,0.10426540284360189,0,50,SVNZ.tsv
2,62,380,1628,0.1631578947368421,0,100,SVNZ.tsv
2,96,504,2579,0.19047619047619047,0,150,SVNZ.tsv
2,117,630,3487,0.18571428571428572,0,200,SVNZ.tsv
2,118,633,3547,0.18641390205371247,0,207,SVNZ.tsv
