speaker_number,vo_overlap,vo_total,total_token_number,overlap,begin,end,file
2,17,156,381,0.10897435897435898,0,50,SXXN.tsv
2,32,240,814,0.13333333333333333,0,100,SXXN.tsv
2,50,316,1215,0.15822784810126583,0,150,SXXN.tsv
2,69,369,1622,0.18699186991869918,0,200,SXXN.tsv
2,90,421,1990,0.21377672209026127,0,250,SXXN.tsv
2,107,474,2301,0.22573839662447256,0,300,SXXN.tsv
2,126,537,2717,0.2346368715083799,0,350,SXXN.tsv
2,140,589,3226,0.23769100169779286,0,400,SXXN.tsv
2,150,614,3457,0.24429967426710097,0,433,SXXN.tsv
