speaker_number,vo_overlap,vo_total,total_token_number,overlap,begin,end,file
2,15,181,419,0.08287292817679558,0,50,SZT4.tsv
2,35,278,824,0.12589928057553956,0,100,SZT4.tsv
2,41,368,1184,0.11141304347826086,0,150,SZT4.tsv
2,64,471,1798,0.13588110403397027,0,200,SZT4.tsv
2,87,546,2346,0.15934065934065933,0,250,SZT4.tsv
2,106,607,2825,0.17462932454695224,0,300,SZT4.tsv
2,113,640,3125,0.1765625,0,350,SZT4.tsv
2,121,671,3394,0.18032786885245902,0,397,SZT4.tsv
