speaker1,speaker1_token_number,speaker1_expression_token_number,speaker1_expression_number,speaker1_er_ratio,speaker2,speaker2_token_number,speaker2_expression_token_number,speaker2_expression_number,speaker2_er_ratio,speaker3,speaker3_token_number,speaker3_expression_token_number,speaker3_expression_number,speaker3_er_ratio,speaker4,speaker4_token_number,speaker4_expression_token_number,speaker4_expression_number,speaker4_er_ratio,total_token_number,total_er_token_number,av_er_ratio,total_er_number,begin,end,file
S0547,69,28,24,0.4057971014492754,S0548,98,38,32,0.3877551020408163,S0549,109,59,47,0.5412844036697247,S0550,50,22,21,0.44,326,147,0.450920245398773,124,0,50,SNK6.tsv
S0547,128,52,44,0.40625,S0548,163,73,59,0.44785276073619634,S0549,190,106,85,0.5578947368421052,S0550,38,17,16,0.4473684210526316,519,248,0.47784200385356457,204,50,100,SNK6.tsv
S0547,109,30,30,0.27522935779816515,S0548,118,51,47,0.4322033898305085,S0549,79,37,28,0.46835443037974683,S0550,57,21,20,0.3684210526315789,363,139,0.38292011019283745,125,100,150,SNK6.tsv
S0547,42,21,14,0.5,S0548,79,41,32,0.5189873417721519,S0549,312,72,64,0.23076923076923078,S0550,44,20,14,0.45454545454545453,477,154,0.3228511530398323,124,150,200,SNK6.tsv
S0547,111,59,57,0.5315315315315315,S0548,55,20,18,0.36363636363636365,S0549,148,49,46,0.3310810810810811,S0550,24,8,6,0.3333333333333333,338,136,0.40236686390532544,127,200,250,SNK6.tsv
S0547,77,34,26,0.44155844155844154,S0548,58,31,26,0.5344827586206896,S0549,39,5,4,0.1282051282051282,S0550,18,5,4,0.2777777777777778,192,75,0.390625,60,250,289,SNK6.tsv
