speaker_number,vo_overlap,vo_total,total_token_number,overlap,begin,end,file
2,18,150,455,0.12,0,50,S4ZA.tsv
2,43,258,1088,0.16666666666666666,0,100,S4ZA.tsv
2,65,320,1568,0.203125,0,150,S4ZA.tsv
2,70,343,1748,0.20408163265306123,0,165,S4ZA.tsv
