speaker_number,vo_overlap,vo_total,total_token_number,overlap,begin,end,file
2,24,268,915,0.08955223880597014,0,50,S63K.tsv
2,38,351,1381,0.10826210826210826,0,100,S63K.tsv
2,55,443,1982,0.12415349887133183,0,150,S63K.tsv
2,79,542,2570,0.14575645756457564,0,200,S63K.tsv
2,109,613,3101,0.17781402936378465,0,250,S63K.tsv
2,130,659,3652,0.19726858877086495,0,300,S63K.tsv
2,152,714,4167,0.21288515406162464,0,350,S63K.tsv
2,169,759,4734,0.22266139657444006,0,400,S63K.tsv
2,173,761,4778,0.22733245729303547,0,405,S63K.tsv
