speaker_number,vo_overlap,vo_total,total_token_number,overlap,begin,end,file
2,20,241,685,0.08298755186721991,0,50,S7K2.tsv
2,73,532,2201,0.13721804511278196,0,100,S7K2.tsv
2,90,655,3052,0.13740458015267176,0,150,S7K2.tsv
2,107,722,3517,0.1481994459833795,0,200,S7K2.tsv
2,130,800,4339,0.1625,0,250,S7K2.tsv
2,169,886,4991,0.19074492099322798,0,300,S7K2.tsv
2,182,911,5251,0.19978046103183314,0,320,S7K2.tsv
