speaker_number,vo_overlap,vo_total,total_token_number,overlap,begin,end,file
2,19,163,485,0.1165644171779141,0,50,S7MU.tsv
2,39,294,1021,0.1326530612244898,0,100,S7MU.tsv
2,69,423,1802,0.16312056737588654,0,150,S7MU.tsv
2,96,486,2314,0.19753086419753085,0,200,S7MU.tsv
2,114,573,2905,0.19895287958115182,0,250,S7MU.tsv
2,138,669,3614,0.2062780269058296,0,300,S7MU.tsv
2,141,682,3688,0.20674486803519063,0,306,S7MU.tsv
