speaker_number,vo_overlap,vo_total,total_token_number,overlap,begin,end,file
2,15,210,402,0.07142857142857142,0,50,S7NJ.tsv
2,42,348,968,0.1206896551724138,0,100,S7NJ.tsv
2,70,432,1456,0.16203703703703703,0,150,S7NJ.tsv
2,88,479,1946,0.1837160751565762,0,200,S7NJ.tsv
2,101,497,2272,0.20321931589537223,0,250,S7NJ.tsv
2,123,538,2664,0.22862453531598512,0,300,S7NJ.tsv
2,148,590,3053,0.25084745762711863,0,350,S7NJ.tsv
2,158,620,3312,0.25483870967741934,0,393,S7NJ.tsv
