speaker_number,vo_overlap,vo_total,total_token_number,overlap,begin,end,file
2,12,153,379,0.0784313725490196,0,50,S9HC.tsv
2,32,231,695,0.13852813852813853,0,100,S9HC.tsv
2,39,289,973,0.13494809688581316,0,150,S9HC.tsv
2,52,346,1309,0.15028901734104047,0,200,S9HC.tsv
2,59,405,1689,0.145679012345679,0,250,S9HC.tsv
2,69,450,2051,0.15333333333333332,0,300,S9HC.tsv
2,90,499,2485,0.18036072144288579,0,350,S9HC.tsv
2,102,540,2804,0.18888888888888888,0,400,S9HC.tsv
2,112,553,2975,0.20253164556962025,0,422,S9HC.tsv
