speaker_number,vo_overlap,vo_total,total_token_number,overlap,begin,end,file
2,25,181,731,0.13812154696132597,0,50,S9VB.tsv
2,50,285,1374,0.17543859649122806,0,100,S9VB.tsv
2,71,354,2011,0.20056497175141244,0,150,S9VB.tsv
2,88,410,2593,0.2146341463414634,0,200,S9VB.tsv
2,100,458,3147,0.2183406113537118,0,250,S9VB.tsv
2,119,514,3662,0.23151750972762647,0,300,S9VB.tsv
2,121,516,3696,0.23449612403100775,0,303,S9VB.tsv
