speaker_number,vo_overlap,vo_total,total_token_number,overlap,begin,end,file
2,37,215,673,0.17209302325581396,0,50,SBDD.tsv
2,78,346,1244,0.2254335260115607,0,100,SBDD.tsv
2,97,429,1673,0.2261072261072261,0,150,SBDD.tsv
2,114,503,2177,0.22664015904572565,0,200,SBDD.tsv
2,138,614,2819,0.2247557003257329,0,250,SBDD.tsv
2,163,694,3501,0.23487031700288186,0,300,SBDD.tsv
2,168,730,3708,0.23013698630136986,0,327,SBDD.tsv
