speaker_number,vo_overlap,vo_total,total_token_number,overlap,begin,end,file
2,23,152,405,0.1513157894736842,0,50,SEVC.tsv
2,40,265,1011,0.1509433962264151,0,100,SEVC.tsv
2,51,330,1436,0.15454545454545454,0,150,SEVC.tsv
2,69,382,1799,0.1806282722513089,0,200,SEVC.tsv
2,85,416,2125,0.20432692307692307,0,250,SEVC.tsv
2,102,468,2595,0.21794871794871795,0,300,SEVC.tsv
2,115,532,3201,0.2161654135338346,0,350,SEVC.tsv
2,130,604,3904,0.2152317880794702,0,400,SEVC.tsv
2,143,646,4427,0.22136222910216719,0,419,SEVC.tsv
