speaker_number,vo_overlap,vo_total,total_token_number,overlap,begin,end,file
2,14,180,560,0.07777777777777778,0,50,SHK7.tsv
2,32,247,953,0.12955465587044535,0,100,SHK7.tsv
2,58,322,1482,0.18012422360248448,0,150,SHK7.tsv
2,69,360,1761,0.19166666666666668,0,200,SHK7.tsv
2,84,396,2212,0.21212121212121213,0,250,SHK7.tsv
2,98,439,2593,0.22323462414578588,0,300,SHK7.tsv
2,98,439,2595,0.22323462414578588,0,302,SHK7.tsv
