speaker_number,vo_overlap,vo_total,total_token_number,overlap,begin,end,file
2,42,367,1599,0.11444141689373297,0,50,SJ6L.tsv
2,85,581,3666,0.14629948364888123,0,100,SJ6L.tsv
2,112,779,6334,0.14377406931964057,0,150,SJ6L.tsv
2,122,838,7317,0.14558472553699284,0,200,SJ6L.tsv
2,129,887,8049,0.14543404735062007,0,226,SJ6L.tsv
