speaker_number,vo_overlap,vo_total,total_token_number,overlap,begin,end,file
2,12,104,270,0.11538461538461539,0,50,SMBC.tsv
2,29,191,620,0.1518324607329843,0,100,SMBC.tsv
2,38,253,1002,0.15019762845849802,0,150,SMBC.tsv
2,58,314,1437,0.18471337579617833,0,200,SMBC.tsv
2,72,379,1885,0.18997361477572558,0,250,SMBC.tsv
2,93,447,2469,0.2080536912751678,0,300,SMBC.tsv
2,97,467,2587,0.20770877944325483,0,316,SMBC.tsv
