speaker_number,vo_overlap,vo_total,total_token_number,overlap,begin,end,file
2,45,350,1030,0.12857142857142856,0,50,SXAQ.tsv
2,77,475,1783,0.16210526315789472,0,100,SXAQ.tsv
2,94,562,2372,0.16725978647686832,0,150,SXAQ.tsv
2,108,608,2760,0.17763157894736842,0,200,SXAQ.tsv
2,124,662,3233,0.18731117824773413,0,250,SXAQ.tsv
2,136,697,3520,0.1951219512195122,0,272,SXAQ.tsv
