speaker_number,vo_overlap,vo_total,total_token_number,overlap,begin,end,file
2,29,175,505,0.1657142857142857,0,50,SXVL.tsv
2,41,268,938,0.15298507462686567,0,100,SXVL.tsv
2,56,346,1447,0.16184971098265896,0,150,SXVL.tsv
2,75,412,1863,0.1820388349514563,0,200,SXVL.tsv
2,89,488,2342,0.18237704918032788,0,250,SXVL.tsv
2,116,573,2878,0.2024432809773124,0,300,SXVL.tsv
2,135,629,3289,0.21462639109697934,0,350,SXVL.tsv
2,149,736,3915,0.20244565217391305,0,400,SXVL.tsv
2,165,762,4216,0.21653543307086615,0,443,SXVL.tsv
