speaker_number,vo_overlap,vo_total,total_token_number,overlap,begin,end,file
2,14,155,376,0.09032258064516129,0,50,SY8A.tsv
2,37,266,752,0.13909774436090225,0,100,SY8A.tsv
2,69,366,1211,0.1885245901639344,0,150,SY8A.tsv
2,89,432,1537,0.20601851851851852,0,200,SY8A.tsv
2,98,470,1753,0.20851063829787234,0,227,SY8A.tsv
