speaker1,speaker1_token_number,speaker1_expression_token_number,speaker1_expression_number,speaker1_er_ratio,speaker2,speaker2_token_number,speaker2_expression_token_number,speaker2_expression_number,speaker2_er_ratio,speaker3,speaker3_token_number,speaker3_expression_token_number,speaker3_expression_number,speaker3_er_ratio,speaker4,speaker4_token_number,speaker4_expression_token_number,speaker4_expression_number,speaker4_er_ratio,total_token_number,total_er_token_number,av_er_ratio,total_er_number,begin,end,file
S0587,178,68,64,0.38202247191011235,S0584,68,32,30,0.47058823529411764,S0583,69,15,13,0.21739130434782608,S0585,6,5,4,0.8333333333333334,321,120,0.37383177570093457,111,0,50,SA2B.tsv
S0587,99,56,48,0.5656565656565656,S0584,58,36,34,0.6206896551724138,S0583,66,47,41,0.7121212121212122,S0585,17,16,14,0.9411764705882353,240,155,0.6458333333333334,137,50,100,SA2B.tsv
S0587,95,69,60,0.7263157894736842,S0584,59,30,25,0.5084745762711864,S0583,92,57,40,0.6195652173913043,S0585,44,32,25,0.7272727272727273,290,188,0.6482758620689655,150,100,150,SA2B.tsv
S0587,112,71,67,0.6339285714285714,S0584,47,33,27,0.7021276595744681,S0583,71,47,44,0.6619718309859155,S0585,37,30,27,0.8108108108108109,267,181,0.6779026217228464,165,150,200,SA2B.tsv
S0587,68,51,41,0.75,S0584,30,29,20,0.9666666666666667,S0583,131,94,82,0.7175572519083969,S0585,38,24,20,0.631578947368421,267,198,0.7415730337078652,163,200,250,SA2B.tsv
S0587,94,74,60,0.7872340425531915,S0584,51,38,31,0.7450980392156863,S0583,70,54,44,0.7714285714285715,S0585,47,39,31,0.8297872340425532,262,205,0.7824427480916031,166,250,300,SA2B.tsv
S0587,94,62,51,0.6595744680851063,S0584,23,20,17,0.8695652173913043,S0583,124,100,80,0.8064516129032258,S0585,48,36,27,0.75,289,218,0.754325259515571,175,300,349,SA2B.tsv
