speaker_number,vo_overlap,vo_total,total_token_number,overlap,s1_and_other,s2_and_other,s3_and_other,s4_and_other,begin,end,file
4,89,198,441,0.11237373737373738,40,34,15,0,0,50,SWVQ.tsv
4,118,136,365,0.21691176470588236,41,43,34,0,50,100,SWVQ.tsv
4,85,128,287,0.166015625,29,27,26,3,100,150,SWVQ.tsv
4,77,164,329,0.1173780487804878,35,33,9,0,150,200,SWVQ.tsv
4,80,136,328,0.14705882352941177,40,40,0,0,200,250,SWVQ.tsv
4,86,163,380,0.13190184049079753,43,43,0,0,250,295,SWVQ.tsv
