speaker_number,vo_overlap,vo_total,total_token_number,overlap,s1_and_other,s2_and_other,s3_and_other,s4_and_other,begin,end,file
4,61,184,504,0.08288043478260869,14,19,18,10,0,50,S452.tsv
4,114,292,1012,0.0976027397260274,22,29,43,20,0,100,S452.tsv
4,200,388,1630,0.12886597938144329,56,47,64,33,0,150,S452.tsv
4,285,455,2237,0.1565934065934066,65,69,86,65,0,200,S452.tsv
4,358,517,3028,0.17311411992263057,82,93,104,79,0,250,S452.tsv
4,385,534,3354,0.1802434456928839,90,98,109,88,0,271,S452.tsv
