speaker1,speaker1_token_number,speaker1_expression_token_number,speaker1_expression_number,speaker1_er_ratio,speaker2,speaker2_token_number,speaker2_expression_token_number,speaker2_expression_number,speaker2_er_ratio,speaker3,speaker3_token_number,speaker3_expression_token_number,speaker3_expression_number,speaker3_er_ratio,total_token_number,total_er_token_number,av_er_ratio,total_er_number,begin,end,file
S0653,236,25,18,0.1059322033898305,S0655,210,44,30,0.20952380952380953,S0654,26,6,4,0.23076923076923078,472,75,0.15889830508474576,52,0,50,S6AZ.tsv
S0653,196,47,33,0.23979591836734693,S0655,212,85,48,0.4009433962264151,S0654,11,5,4,0.45454545454545453,419,137,0.3269689737470167,85,50,100,S6AZ.tsv
S0653,152,53,35,0.34868421052631576,S0655,130,60,37,0.46153846153846156,S0654,92,41,24,0.44565217391304346,374,154,0.4117647058823529,96,100,150,S6AZ.tsv
S0653,297,102,61,0.3434343434343434,S0655,96,42,29,0.4375,S0654,82,37,21,0.45121951219512196,475,181,0.38105263157894737,111,150,200,S6AZ.tsv
S0653,355,126,84,0.35492957746478876,S0655,68,40,26,0.5882352941176471,S0654,47,16,9,0.3404255319148936,470,182,0.3872340425531915,119,200,250,S6AZ.tsv
S0653,194,73,42,0.37628865979381443,S0655,114,77,38,0.6754385964912281,S0654,45,22,12,0.4888888888888889,353,172,0.48725212464589235,92,250,298,S6AZ.tsv
