speaker1,speaker1_token_number,speaker1_expression_token_number,speaker1_expression_number,speaker1_er_ratio,speaker2,speaker2_token_number,speaker2_expression_token_number,speaker2_expression_number,speaker2_er_ratio,speaker3,speaker3_token_number,speaker3_expression_token_number,speaker3_expression_number,speaker3_er_ratio,total_token_number,total_er_token_number,av_er_ratio,total_er_number,begin,end,file
S0567,152,7,6,0.046052631578947366,S0621,77,15,8,0.19480519480519481,S0622,47,2,2,0.0425531914893617,276,24,0.08695652173913043,16,0,50,SJKD.tsv
S0567,179,31,22,0.17318435754189945,S0621,38,15,6,0.39473684210526316,S0622,136,26,16,0.19117647058823528,353,72,0.20396600566572237,44,50,100,SJKD.tsv
S0567,123,22,18,0.17886178861788618,S0621,52,18,12,0.34615384615384615,S0622,148,38,26,0.25675675675675674,323,78,0.24148606811145512,56,100,150,SJKD.tsv
S0567,108,35,27,0.32407407407407407,S0621,97,55,32,0.5670103092783505,S0622,103,45,31,0.4368932038834951,308,135,0.4383116883116883,90,150,200,SJKD.tsv
S0567,211,80,51,0.3791469194312796,S0621,88,59,30,0.6704545454545454,S0622,66,24,15,0.36363636363636365,365,163,0.4465753424657534,96,200,250,SJKD.tsv
S0567,176,70,53,0.3977272727272727,S0621,90,42,28,0.4666666666666667,S0622,1,0,0,0.0,267,112,0.41947565543071164,81,250,300,SJKD.tsv
S0567,156,63,42,0.40384615384615385,S0621,86,60,39,0.6976744186046512,S0622,36,20,13,0.5555555555555556,278,143,0.5143884892086331,94,300,337,SJKD.tsv
