speaker1,speaker1_token_number,speaker1_expression_token_number,speaker1_expression_number,speaker1_er_ratio,speaker2,speaker2_token_number,speaker2_expression_token_number,speaker2_expression_number,speaker2_er_ratio,speaker3,speaker3_token_number,speaker3_expression_token_number,speaker3_expression_number,speaker3_er_ratio,total_token_number,total_er_token_number,av_er_ratio,total_er_number,begin,end,file
S0653,46,12,7,0.2608695652173913,S0654,350,20,17,0.05714285714285714,S0655,49,12,8,0.24489795918367346,445,44,0.09887640449438202,32,0,50,SX4N.tsv
S0653,57,14,10,0.24561403508771928,S0654,349,41,31,0.1174785100286533,S0655,41,21,13,0.5121951219512195,447,76,0.17002237136465326,54,50,100,SX4N.tsv
S0653,53,13,9,0.24528301886792453,S0654,153,32,20,0.20915032679738563,S0655,279,114,64,0.40860215053763443,485,159,0.32783505154639175,93,100,150,SX4N.tsv
S0653,76,39,19,0.5131578947368421,S0654,39,16,15,0.41025641025641024,S0655,190,83,49,0.4368421052631579,305,138,0.4524590163934426,83,150,200,SX4N.tsv
S0653,51,20,16,0.39215686274509803,S0654,183,87,52,0.47540983606557374,S0655,282,136,76,0.48226950354609927,516,243,0.47093023255813954,144,200,250,SX4N.tsv
S0653,103,55,33,0.5339805825242718,S0654,67,34,24,0.5074626865671642,S0655,79,25,15,0.31645569620253167,249,114,0.4578313253012048,72,250,300,SX4N.tsv
S0653,151,78,49,0.5165562913907285,S0654,159,62,38,0.389937106918239,S0655,32,9,6,0.28125,342,149,0.43567251461988304,93,300,340,SX4N.tsv
