speaker1,speaker1_token_number,speaker1_expression_token_number,speaker1_expression_number,speaker1_er_ratio,speaker2,speaker2_token_number,speaker2_expression_token_number,speaker2_expression_number,speaker2_er_ratio,speaker3,speaker3_token_number,speaker3_expression_token_number,speaker3_expression_number,speaker3_er_ratio,speaker4,speaker4_token_number,speaker4_expression_token_number,speaker4_expression_number,speaker4_er_ratio,total_token_number,total_er_token_number,av_er_ratio,total_er_number,begin,end,file
S0223,652,186,172,0.2852760736196319,S0202,117,61,55,0.5213675213675214,S0224,15,3,3,0.2,S0225,6,2,2,0.3333333333333333,790,252,0.3189873417721519,232,0,50,S99Z.tsv
S0223,722,312,287,0.43213296398891965,S0202,87,67,57,0.7701149425287356,S0224,4,3,3,0.75,S0225,0,0,0,0.0,813,382,0.4698646986469865,347,50,100,S99Z.tsv
S0223,480,290,244,0.6041666666666666,S0202,419,309,241,0.7374701670644391,S0224,0,0,0,0.0,S0225,0,0,0,0.0,899,599,0.6662958843159066,485,100,150,S99Z.tsv
S0223,244,160,125,0.6557377049180327,S0202,197,157,126,0.7969543147208121,S0224,48,39,28,0.8125,S0225,31,24,18,0.7741935483870968,520,380,0.7307692307692307,297,150,200,S99Z.tsv
S0223,38,26,18,0.6842105263157895,S0202,16,14,9,0.875,S0224,734,595,454,0.8106267029972752,S0225,50,45,35,0.9,838,680,0.8114558472553699,516,200,250,S99Z.tsv
S0223,105,70,53,0.6666666666666666,S0202,167,140,117,0.8383233532934131,S0224,1,1,1,1.0,S0225,61,50,35,0.819672131147541,334,261,0.781437125748503,206,250,300,S99Z.tsv
S0223,0,0,0,0.0,S0202,130,104,88,0.8,S0224,0,0,0,0.0,S0225,54,48,35,0.8888888888888888,184,152,0.8260869565217391,123,300,318,S99Z.tsv
