speaker1,speaker1_token_number,speaker1_expression_token_number,speaker1_expression_number,speaker1_er_ratio,speaker2,speaker2_token_number,speaker2_expression_token_number,speaker2_expression_number,speaker2_er_ratio,speaker3,speaker3_token_number,speaker3_expression_token_number,speaker3_expression_number,speaker3_er_ratio,speaker4,speaker4_token_number,speaker4_expression_token_number,speaker4_expression_number,speaker4_er_ratio,total_token_number,total_er_token_number,av_er_ratio,total_er_number,begin,end,file
S0202,167,40,36,0.23952095808383234,S0208,16,3,3,0.1875,S0218,113,45,40,0.39823008849557523,S0222,22,10,10,0.45454545454545453,318,98,0.3081761006289308,89,0,50,SEBP.tsv
S0202,150,101,81,0.6733333333333333,S0208,22,15,13,0.6818181818181818,S0218,172,82,73,0.47674418604651164,S0222,39,25,18,0.6410256410256411,383,223,0.5822454308093995,185,50,100,SEBP.tsv
S0202,200,136,118,0.68,S0208,57,44,37,0.7719298245614035,S0218,82,41,38,0.5,S0222,81,55,40,0.6790123456790124,420,276,0.6571428571428571,233,100,150,SEBP.tsv
S0202,496,357,277,0.719758064516129,S0208,445,313,245,0.7033707865168539,S0218,37,22,17,0.5945945945945946,S0222,66,47,37,0.7121212121212122,1044,739,0.7078544061302682,576,150,200,SEBP.tsv
S0202,291,223,169,0.7663230240549829,S0208,309,241,183,0.7799352750809061,S0218,2,1,1,0.5,S0222,26,17,14,0.6538461538461539,628,482,0.767515923566879,367,200,250,SEBP.tsv
S0202,354,266,205,0.751412429378531,S0208,405,312,227,0.7703703703703704,S0218,0,0,0,0.0,S0222,0,0,0,0.0,759,578,0.761528326745718,432,250,300,SEBP.tsv
S0202,143,110,88,0.7692307692307693,S0208,109,84,59,0.7706422018348624,S0218,8,7,4,0.875,S0222,108,90,66,0.8333333333333334,368,291,0.7907608695652174,217,300,350,SEBP.tsv
S0202,105,79,61,0.7523809523809524,S0208,34,30,19,0.8823529411764706,S0218,61,50,32,0.819672131147541,S0222,44,37,24,0.8409090909090909,244,196,0.8032786885245902,136,350,386,SEBP.tsv
