speaker1,speaker1_token_number,speaker1_expression_token_number,speaker1_expression_number,speaker1_er_ratio,speaker2,speaker2_token_number,speaker2_expression_token_number,speaker2_expression_number,speaker2_er_ratio,speaker3,speaker3_token_number,speaker3_expression_token_number,speaker3_expression_number,speaker3_er_ratio,speaker4,speaker4_token_number,speaker4_expression_token_number,speaker4_expression_number,speaker4_er_ratio,total_token_number,total_er_token_number,av_er_ratio,total_er_number,begin,end,file
S0653,34,4,3,0.11764705882352941,S0655,343,36,34,0.10495626822157435,S0654,27,6,4,0.2222222222222222,S0652,118,49,31,0.4152542372881356,522,95,0.18199233716475097,72,0,50,SN2C.tsv
S0653,69,51,42,0.7391304347826086,S0655,1,1,1,1.0,S0654,194,112,73,0.5773195876288659,S0652,66,33,24,0.5,330,197,0.5969696969696969,140,50,100,SN2C.tsv
S0653,96,66,58,0.6875,S0655,42,33,24,0.7857142857142857,S0654,162,88,67,0.5432098765432098,S0652,12,8,6,0.6666666666666666,312,195,0.625,155,100,150,SN2C.tsv
S0653,250,180,149,0.72,S0655,5,3,2,0.6,S0654,83,38,28,0.4578313253012048,S0652,69,48,40,0.6956521739130435,407,269,0.6609336609336609,219,150,200,SN2C.tsv
S0653,190,138,109,0.7263157894736842,S0655,0,0,0,0.0,S0654,38,21,17,0.5526315789473685,S0652,44,36,26,0.8181818181818182,272,195,0.7169117647058824,152,200,226,SN2C.tsv
