begin,end,s1_er_ratio,s2_er_ratio,er_ratio_average,file
0,50,0.389937106918239,0.38235294117647056,0.3849462365591398,S66F.tsv
50,100,0.7052631578947368,0.48120300751879697,0.5745614035087719,S66F.tsv
100,150,0.6695652173913044,0.6941896024464832,0.6840215439856373,S66F.tsv
150,200,0.7530864197530864,0.701010101010101,0.7181571815718157,S66F.tsv
200,250,0.7607142857142857,0.7174447174447175,0.735080058224163,S66F.tsv
250,274,0.803921568627451,0.725609756097561,0.7441860465116279,S66F.tsv
