begin,end,s1_er_ratio,s2_er_ratio,er_ratio_average,file
0,50,0.18157894736842106,0.5,0.24791666666666667,S6QU.tsv
50,100,0.5021097046413502,0.64,0.5555555555555556,S6QU.tsv
100,150,0.592391304347826,0.684085510688836,0.656198347107438,S6QU.tsv
150,200,0.686084142394822,0.7872340425531915,0.7243460764587525,S6QU.tsv
200,250,0.8156996587030717,0.8348623853211009,0.8238747553816047,S6QU.tsv
250,300,0.7228915662650602,0.7865168539325843,0.7363420427553444,S6QU.tsv
300,350,0.7818930041152263,0.7551020408163265,0.7699316628701595,S6QU.tsv
350,400,0.7270408163265306,0.7816901408450704,0.7415730337078652,S6QU.tsv
400,422,0.8110236220472441,0.8333333333333334,0.823321554770318,S6QU.tsv
