begin,end,s1_er_ratio,s2_er_ratio,er_ratio_average,file
0,50,0.4744897959183674,0.4247787610619469,0.44299065420560746,S8G6.tsv
50,100,0.6363636363636364,0.6951501154734411,0.6707152496626181,S8G6.tsv
100,150,0.7227722772277227,0.7063711911357341,0.7122557726465364,S8G6.tsv
150,200,0.8130081300813008,0.7825,0.7971391417425228,S8G6.tsv
200,250,0.7835051546391752,0.7771428571428571,0.7811158798283262,S8G6.tsv
250,300,0.803921568627451,0.805,0.8045325779036827,S8G6.tsv
300,328,0.8163265306122449,0.8298969072164949,0.8253424657534246,S8G6.tsv
