begin,end,s1_er_ratio,s2_er_ratio,er_ratio_average,file
0,50,0.4763779527559055,0.28135593220338984,0.37158469945355194,SACQ.tsv
50,100,0.5340909090909091,0.6013071895424836,0.5653495440729484,SACQ.tsv
100,137,0.6595744680851063,0.7321428571428571,0.7078384798099763,SACQ.tsv
