begin,end,s1_er_ratio,s2_er_ratio,er_ratio_average,file
0,50,0.6059701492537314,0.34870317002881845,0.4113372093023256,SEZB.tsv
50,100,0.7148148148148148,0.6445131375579598,0.6652126499454744,SEZB.tsv
100,150,0.8686868686868687,0.7058823529411765,0.7549467275494672,SEZB.tsv
150,163,0.7857142857142857,0.7567567567567568,0.7721518987341772,SEZB.tsv
