begin,end,s1_er_ratio,s2_er_ratio,er_ratio_average,file
0,50,0.5238095238095238,0.3323943661971831,0.40784982935153585,SHT2.tsv
50,100,0.6233183856502242,0.6212471131639723,0.6219512195121951,SHT2.tsv
100,150,0.6893203883495146,0.6875,0.6882591093117408,SHT2.tsv
150,200,0.7668918918918919,0.6767955801104972,0.7173252279635258,SHT2.tsv
200,250,0.8238095238095238,0.7694369973190348,0.7890222984562607,SHT2.tsv
250,251,0.6666666666666666,0.0,0.6666666666666666,SHT2.tsv
