begin,end,s1_er_ratio,s2_er_ratio,er_ratio_average,file
0,50,0.3867924528301887,0.3630573248407643,0.37669376693766937,SQEF.tsv
50,100,0.4742268041237113,0.6306306306306306,0.5311475409836065,SQEF.tsv
100,150,0.5730337078651685,0.7716049382716049,0.6480186480186481,SQEF.tsv
150,200,0.6047430830039525,0.7792207792207793,0.6707616707616708,SQEF.tsv
200,245,0.7105263157894737,0.7709923664122137,0.7385159010600707,SQEF.tsv
