begin,end,s1_er_ratio,s2_er_ratio,er_ratio_average,file
0,50,0.1958041958041958,0.4620253164556962,0.3790849673202614,SRCA.tsv
50,100,0.5566914498141264,0.5818181818181818,0.5579133510167993,SRCA.tsv
100,150,0.6187050359712231,0.8083623693379791,0.7464788732394366,SRCA.tsv
150,200,0.6359649122807017,0.7679738562091504,0.7116104868913857,SRCA.tsv
200,229,0.7925531914893617,0.7628865979381443,0.7774869109947644,SRCA.tsv
