begin,end,s1_er_ratio,s2_er_ratio,er_ratio_average,file
0,50,0.36466165413533835,0.3888888888888889,0.37317073170731707,SY2F.tsv
50,100,0.5829268292682926,0.6652173913043479,0.6125,SY2F.tsv
100,150,0.6648351648351648,0.6820809248554913,0.6732394366197183,SY2F.tsv
150,200,0.7317073170731707,0.7039473684210527,0.7229166666666667,SY2F.tsv
200,250,0.7383966244725738,0.7902439024390244,0.7624434389140271,SY2F.tsv
250,273,0.8012820512820513,0.875,0.826271186440678,SY2F.tsv
