begin,end,s1_er_ratio,s2_er_ratio,er_ratio_average,file
0,50,0.38404452690166974,0.5985507246376811,0.5044751830756713,SZBN.tsv
50,100,0.738,0.6615620214395099,0.6947094535993061,SZBN.tsv
100,138,0.8116883116883117,0.7486338797814208,0.7645134914145544,SZBN.tsv
