begin,end,s1_er_ratio,s2_er_ratio,er_ratio_average,file
0,50,0.3047619047619048,0.33014354066985646,0.31742243436754175,SZT4.tsv
50,100,0.6370106761565836,0.5241935483870968,0.6024691358024692,SZT4.tsv
100,150,0.8301886792452831,0.5700325732899023,0.6083333333333333,SZT4.tsv
150,200,0.696969696969697,0.6055045871559633,0.6644951140065146,SZT4.tsv
200,250,0.7450980392156863,0.7603305785123967,0.7518248175182481,SZT4.tsv
250,300,0.7876447876447876,0.7227272727272728,0.7578288100208769,SZT4.tsv
300,350,0.6906474820143885,0.7701863354037267,0.7333333333333333,SZT4.tsv
350,397,0.7621621621621621,0.7023809523809523,0.7434944237918215,SZT4.tsv
