speaker_number,vo_overlap,vo_total,total_token_number,overlap,s1_and_other,s2_and_other,s3_and_other,begin,end,file
3,83,153,346,0.18082788671023964,41,40,2,0,50,S2GS.tsv
3,174,286,771,0.20279720279720279,74,72,28,0,100,S2GS.tsv
3,286,364,1159,0.2619047619047619,119,100,67,0,150,S2GS.tsv
3,353,440,1556,0.2674242424242424,145,115,93,0,200,S2GS.tsv
3,395,470,1786,0.2801418439716312,159,138,98,0,250,S2GS.tsv
3,402,475,1801,0.28210526315789475,163,140,99,0,253,S2GS.tsv
