speaker_number,vo_overlap,vo_total,total_token_number,overlap,s1_and_other,s2_and_other,s3_and_other,begin,end,file
3,96,122,326,0.26229508196721313,39,23,34,0,50,S49H.tsv
3,176,183,624,0.3205828779599271,66,50,60,0,100,S49H.tsv
3,278,259,1082,0.3577863577863578,103,93,82,0,150,S49H.tsv
3,335,330,1452,0.3383838383838384,121,113,101,0,200,S49H.tsv
3,347,341,1520,0.3391984359726295,126,118,103,0,207,S49H.tsv
