speaker_number,vo_overlap,vo_total,total_token_number,overlap,s1_and_other,s2_and_other,s3_and_other,begin,end,file
3,155,195,549,0.26495726495726496,56,45,54,0,50,SFC2.tsv
3,254,294,1016,0.28798185941043086,89,86,79,0,100,SFC2.tsv
3,329,368,1443,0.2980072463768116,109,116,104,0,150,SFC2.tsv
3,367,415,1786,0.29477911646586347,123,134,110,0,191,SFC2.tsv
