speaker_number,vo_overlap,vo_total,total_token_number,overlap,s1_and_other,s2_and_other,s3_and_other,begin,end,file
3,66,139,318,0.15827338129496402,10,31,25,0,50,SJRX.tsv
3,129,211,650,0.2037914691943128,25,58,46,0,100,SJRX.tsv
3,188,255,912,0.2457516339869281,34,85,69,0,150,SJRX.tsv
3,269,318,1233,0.28197064989517817,68,113,88,0,200,SJRX.tsv
3,338,380,1584,0.2964912280701754,96,138,104,0,250,SJRX.tsv
3,385,412,1948,0.31148867313915857,107,154,124,0,300,SJRX.tsv
3,419,451,2245,0.30968218773096823,119,165,135,0,350,SJRX.tsv
3,492,495,2684,0.33131313131313134,134,192,166,0,400,SJRX.tsv
3,537,532,3053,0.33646616541353386,138,211,188,0,446,SJRX.tsv
