speaker_number,vo_overlap,vo_total,total_token_number,overlap,s1_and_other,s2_and_other,s3_and_other,begin,end,file
3,157,205,638,0.2552845528455285,28,69,60,0,50,STQF.tsv
3,233,354,1667,0.2193973634651601,52,102,79,0,100,STQF.tsv
3,312,420,2197,0.24761904761904763,86,129,97,0,150,STQF.tsv
3,377,465,2549,0.27025089605734764,108,151,118,0,200,STQF.tsv
3,445,519,3020,0.28580603725112397,144,174,127,0,250,STQF.tsv
3,500,584,3624,0.2853881278538813,170,196,134,0,300,STQF.tsv
3,555,610,3942,0.30327868852459017,190,215,150,0,333,STQF.tsv
