speaker_number,vo_overlap,vo_total,total_token_number,overlap,s1_and_other,s2_and_other,s3_and_other,begin,end,file
3,132,332,1261,0.13253012048192772,20,54,58,0,50,SWLS.tsv
3,248,426,1800,0.19405320813771518,22,113,113,0,100,SWLS.tsv
3,341,495,2169,0.22962962962962963,69,128,144,0,150,SWLS.tsv
3,426,557,2554,0.25493716337522443,118,142,166,0,200,SWLS.tsv
3,485,600,2870,0.26944444444444443,137,161,187,0,241,SWLS.tsv
