speaker_number,vo_overlap,vo_total,total_token_number,overlap,s1_and_other,s2_and_other,s3_and_other,begin,end,file
3,127,208,623,0.20352564102564102,22,49,56,0,50,SZFG.tsv
3,218,283,963,0.25677267373380447,51,78,89,0,100,SZFG.tsv
3,264,345,1309,0.25507246376811593,71,84,109,0,150,SZFG.tsv
3,327,403,1754,0.2704714640198511,95,100,132,0,200,SZFG.tsv
3,394,454,2187,0.28928046989721,128,107,159,0,250,SZFG.tsv
3,414,467,2298,0.2955032119914347,133,113,168,0,263,SZFG.tsv
