speaker_number,vo_overlap,vo_total,total_token_number,overlap,s1_and_other,s2_and_other,s3_and_other,begin,end,file
3,108,143,368,0.2517482517482518,49,51,8,0,50,S78E.tsv
3,109,206,526,0.17637540453074432,52,49,8,50,100,S78E.tsv
3,137,187,475,0.24420677361853832,55,49,33,100,150,S78E.tsv
3,101,166,388,0.20281124497991967,41,20,40,150,200,S78E.tsv
3,112,161,302,0.2318840579710145,40,35,37,200,250,S78E.tsv
3,119,164,402,0.241869918699187,51,19,49,250,300,S78E.tsv
3,40,109,190,0.12232415902140673,17,15,8,300,319,S78E.tsv
