speaker_number,vo_overlap,vo_total,total_token_number,overlap,s1_and_other,s2_and_other,s3_and_other,begin,end,file
3,102,157,403,0.21656050955414013,46,41,15,0,50,S7RD.tsv
3,127,179,518,0.23649906890130354,50,53,24,50,100,S7RD.tsv
3,110,151,409,0.24282560706401765,22,44,44,100,150,S7RD.tsv
3,104,135,392,0.25679012345679014,31,40,33,150,200,S7RD.tsv
3,106,153,408,0.23093681917211328,27,42,37,200,246,S7RD.tsv
