speaker_number,vo_overlap,vo_total,total_token_number,overlap,s1_and_other,s2_and_other,s3_and_other,begin,end,file
3,85,197,553,0.14382402707275804,8,36,41,0,50,SBBP.tsv
3,58,191,497,0.1012216404886562,2,28,28,50,100,SBBP.tsv
3,71,218,633,0.10856269113149847,21,18,32,100,150,SBBP.tsv
3,53,200,675,0.08833333333333333,15,12,26,150,200,SBBP.tsv
3,98,230,632,0.14202898550724638,10,43,45,200,250,SBBP.tsv
3,50,122,288,0.1366120218579235,3,22,25,250,300,SBBP.tsv
3,91,156,444,0.19444444444444445,7,41,43,300,350,SBBP.tsv
3,33,78,137,0.14102564102564102,10,11,12,350,373,SBBP.tsv
