speaker_number,vo_overlap,vo_total,total_token_number,overlap,s1_and_other,s2_and_other,s3_and_other,begin,end,file
3,97,155,386,0.2086021505376344,37,23,37,0,50,SBNC.tsv
3,96,137,323,0.23357664233576642,29,38,29,50,100,SBNC.tsv
3,109,141,342,0.2576832151300236,38,36,35,100,150,SBNC.tsv
3,151,195,619,0.25811965811965815,69,63,19,150,200,SBNC.tsv
3,81,161,361,0.16770186335403728,33,27,21,200,250,SBNC.tsv
3,99,146,423,0.22602739726027396,40,30,29,250,300,SBNC.tsv
3,98,149,354,0.21923937360178972,40,30,28,300,350,SBNC.tsv
3,8,40,53,0.06666666666666667,4,0,4,350,358,SBNC.tsv
