speaker_number,vo_overlap,vo_total,total_token_number,overlap,s1_and_other,s2_and_other,s3_and_other,begin,end,file
3,213,339,1542,0.20943952802359883,23,99,91,0,50,SYNT.tsv
3,147,269,889,0.1821561338289963,34,66,47,50,100,SYNT.tsv
3,153,277,902,0.18411552346570398,34,64,55,100,150,SYNT.tsv
3,177,306,1075,0.19281045751633988,19,76,82,150,200,SYNT.tsv
3,132,193,572,0.22797927461139897,0,66,66,200,228,SYNT.tsv
