speaker1,speaker1_token_number,speaker1_expression_token_number,speaker1_expression_number,speaker1_er_ratio,speaker2,speaker2_token_number,speaker2_expression_token_number,speaker2_expression_number,speaker2_er_ratio,speaker3,speaker3_token_number,speaker3_expression_token_number,speaker3_expression_number,speaker3_er_ratio,total_token_number,total_er_token_number,av_er_ratio,total_er_number,begin,end,file
S0653,1057,297,272,0.28098391674550616,S0655,73,47,35,0.6438356164383562,S0654,64,49,36,0.765625,1194,393,0.32914572864321606,343,0,50,S46J.tsv
S0653,110,40,26,0.36363636363636365,S0655,19,10,7,0.5263157894736842,S0654,139,54,47,0.38848920863309355,268,104,0.3880597014925373,80,50,100,S46J.tsv
S0653,128,40,31,0.3125,S0655,17,9,7,0.5294117647058824,S0654,169,55,52,0.3254437869822485,314,104,0.33121019108280253,90,100,150,S46J.tsv
S0653,123,33,30,0.2682926829268293,S0655,11,8,7,0.7272727272727273,S0654,161,56,53,0.34782608695652173,295,97,0.3288135593220339,90,150,200,S46J.tsv
S0653,142,39,34,0.2746478873239437,S0655,18,9,7,0.5,S0654,140,72,55,0.5142857142857142,300,120,0.4,96,200,250,S46J.tsv
S0653,459,133,121,0.289760348583878,S0655,20,15,13,0.75,S0654,113,58,47,0.5132743362831859,592,206,0.34797297297297297,181,250,300,S46J.tsv
S0653,324,104,100,0.32098765432098764,S0655,55,29,22,0.5272727272727272,S0654,74,44,36,0.5945945945945946,453,177,0.39072847682119205,158,300,350,S46J.tsv
S0653,281,115,94,0.4092526690391459,S0655,88,30,29,0.3409090909090909,S0654,68,35,27,0.5147058823529411,437,180,0.41189931350114417,150,350,400,S46J.tsv
S0653,147,27,23,0.1836734693877551,S0655,22,10,6,0.45454545454545453,S0654,28,8,7,0.2857142857142857,197,45,0.22842639593908629,36,400,417,S46J.tsv
