speaker1,speaker1_token_number,speaker1_expression_token_number,speaker1_expression_number,speaker1_er_ratio,speaker2,speaker2_token_number,speaker2_expression_token_number,speaker2_expression_number,speaker2_er_ratio,speaker3,speaker3_token_number,speaker3_expression_token_number,speaker3_expression_number,speaker3_er_ratio,total_token_number,total_er_token_number,av_er_ratio,total_er_number,begin,end,file
S0653,131,68,59,0.5190839694656488,S0655,57,18,17,0.3157894736842105,S0654,133,36,30,0.2706766917293233,321,122,0.38006230529595014,106,0,50,S7WR.tsv
S0653,223,84,74,0.37668161434977576,S0655,41,14,13,0.34146341463414637,S0654,319,160,139,0.5015673981191222,583,258,0.4425385934819897,226,50,100,S7WR.tsv
S0653,78,38,30,0.48717948717948717,S0655,72,34,27,0.4722222222222222,S0654,228,68,60,0.2982456140350877,378,140,0.37037037037037035,117,100,150,S7WR.tsv
S0653,106,57,52,0.5377358490566038,S0655,378,129,112,0.3412698412698413,S0654,93,32,25,0.34408602150537637,577,218,0.3778162911611785,189,150,200,S7WR.tsv
S0653,108,35,30,0.32407407407407407,S0655,64,23,22,0.359375,S0654,87,48,29,0.5517241379310345,259,106,0.4092664092664093,81,200,245,S7WR.tsv
