speaker1,speaker1_token_number,speaker1_expression_token_number,speaker1_expression_number,speaker1_er_ratio,speaker2,speaker2_token_number,speaker2_expression_token_number,speaker2_expression_number,speaker2_er_ratio,speaker3,speaker3_token_number,speaker3_expression_token_number,speaker3_expression_number,speaker3_er_ratio,total_token_number,total_er_token_number,av_er_ratio,total_er_number,begin,end,file
S0653,99,46,34,0.46464646464646464,S0654,244,33,31,0.13524590163934427,S0655,75,41,29,0.5466666666666666,418,120,0.28708133971291866,94,0,50,SEL5.tsv
S0653,112,51,45,0.45535714285714285,S0654,233,42,38,0.18025751072961374,S0655,29,16,12,0.5517241379310345,374,109,0.2914438502673797,95,50,100,SEL5.tsv
S0653,199,57,49,0.2864321608040201,S0654,90,34,22,0.37777777777777777,S0655,58,26,20,0.4482758620689655,347,117,0.3371757925072046,91,100,150,SEL5.tsv
S0653,221,60,51,0.27149321266968324,S0654,92,48,17,0.5217391304347826,S0655,83,24,20,0.2891566265060241,396,132,0.3333333333333333,88,150,200,SEL5.tsv
S0653,319,143,113,0.4482758620689655,S0654,188,43,40,0.22872340425531915,S0655,78,22,19,0.28205128205128205,585,208,0.35555555555555557,172,200,250,SEL5.tsv
S0653,156,41,37,0.26282051282051283,S0654,167,51,44,0.30538922155688625,S0655,73,49,38,0.6712328767123288,396,141,0.3560606060606061,119,250,290,SEL5.tsv
