speaker1,speaker1_token_number,speaker1_expression_token_number,speaker1_expression_number,speaker1_er_ratio,speaker2,speaker2_token_number,speaker2_expression_token_number,speaker2_expression_number,speaker2_er_ratio,speaker3,speaker3_token_number,speaker3_expression_token_number,speaker3_expression_number,speaker3_er_ratio,total_token_number,total_er_token_number,av_er_ratio,total_er_number,begin,end,file
S0198,440,86,76,0.19545454545454546,S0230,66,41,31,0.6212121212121212,S0229,10,4,4,0.4,516,131,0.25387596899224807,111,0,50,SKJ3.tsv
S0198,354,71,65,0.20056497175141244,S0230,51,22,20,0.43137254901960786,S0229,61,27,24,0.4426229508196721,466,120,0.2575107296137339,109,50,100,SKJ3.tsv
S0198,237,92,84,0.3881856540084388,S0230,98,30,28,0.30612244897959184,S0229,89,46,40,0.5168539325842697,424,168,0.39622641509433965,152,100,150,SKJ3.tsv
S0198,179,76,64,0.4245810055865922,S0230,62,38,33,0.6129032258064516,S0229,121,40,38,0.3305785123966942,362,154,0.425414364640884,135,150,200,SKJ3.tsv
S0198,139,42,33,0.302158273381295,S0230,34,11,11,0.3235294117647059,S0229,147,48,38,0.32653061224489793,320,101,0.315625,82,200,250,SKJ3.tsv
S0198,209,105,96,0.5023923444976076,S0230,46,17,10,0.3695652173913043,S0229,212,104,92,0.49056603773584906,467,226,0.48394004282655245,198,250,300,SKJ3.tsv
S0198,207,93,79,0.4492753623188406,S0230,124,65,54,0.5241935483870968,S0229,132,58,55,0.4393939393939394,463,216,0.46652267818574517,188,300,350,SKJ3.tsv
S0198,113,38,31,0.336283185840708,S0230,3,0,0,0.0,S0229,66,21,20,0.3181818181818182,182,59,0.3241758241758242,51,350,374,SKJ3.tsv
