speaker1,speaker1_token_number,speaker1_expression_token_number,speaker1_expression_number,speaker1_er_ratio,speaker2,speaker2_token_number,speaker2_expression_token_number,speaker2_expression_number,speaker2_er_ratio,speaker3,speaker3_token_number,speaker3_expression_token_number,speaker3_expression_number,speaker3_er_ratio,total_token_number,total_er_token_number,av_er_ratio,total_er_number,begin,end,file
S0392,192,84,77,0.4375,S0390,231,72,60,0.3116883116883117,S0391,0,0,0,0.0,423,156,0.36879432624113473,137,0,50,SPZR.tsv
S0392,355,103,93,0.29014084507042254,S0390,148,79,63,0.5337837837837838,S0391,47,21,17,0.44680851063829785,550,203,0.3690909090909091,173,50,100,SPZR.tsv
S0392,83,35,31,0.42168674698795183,S0390,215,75,57,0.3488372093023256,S0391,51,7,5,0.13725490196078433,349,117,0.335243553008596,93,100,150,SPZR.tsv
S0392,443,147,132,0.33182844243792325,S0390,166,90,77,0.5421686746987951,S0391,0,0,0,0.0,609,237,0.3891625615763547,209,150,200,SPZR.tsv
S0392,277,116,93,0.4187725631768953,S0390,315,147,129,0.4666666666666667,S0391,0,0,0,0.0,592,263,0.44425675675675674,222,200,250,SPZR.tsv
S0392,158,86,76,0.5443037974683544,S0390,216,80,74,0.37037037037037035,S0391,3,2,2,0.6666666666666666,377,168,0.44562334217506633,152,250,300,SPZR.tsv
S0392,1,0,0,0.0,S0390,7,0,0,0.0,S0391,0,0,0,0.0,8,0,0.0,0,300,302,SPZR.tsv
