speaker1,speaker1_token_number,speaker1_expression_token_number,speaker1_expression_number,speaker1_er_ratio,speaker2,speaker2_token_number,speaker2_expression_token_number,speaker2_expression_number,speaker2_er_ratio,speaker3,speaker3_token_number,speaker3_expression_token_number,speaker3_expression_number,speaker3_er_ratio,total_token_number,total_er_token_number,av_er_ratio,total_er_number,begin,end,file
S0624,47,16,14,0.3404255319148936,S0567,92,40,30,0.43478260869565216,S0623,128,37,30,0.2890625,267,93,0.34831460674157305,74,0,50,SUDM.tsv
S0624,75,31,30,0.41333333333333333,S0567,102,32,30,0.3137254901960784,S0623,119,39,36,0.3277310924369748,296,102,0.34459459459459457,96,50,100,SUDM.tsv
S0624,68,25,23,0.36764705882352944,S0567,101,26,24,0.25742574257425743,S0623,91,35,33,0.38461538461538464,260,86,0.33076923076923076,80,100,150,SUDM.tsv
S0624,57,20,14,0.3508771929824561,S0567,89,42,42,0.47191011235955055,S0623,91,25,22,0.27472527472527475,237,87,0.3670886075949367,78,150,200,SUDM.tsv
S0624,6,0,0,0.0,S0567,25,14,12,0.56,S0623,345,52,52,0.15072463768115943,376,66,0.17553191489361702,64,200,218,SUDM.tsv
