speaker1,speaker1_token_number,speaker1_expression_token_number,speaker1_expression_number,speaker1_er_ratio,speaker2,speaker2_token_number,speaker2_expression_token_number,speaker2_expression_number,speaker2_er_ratio,speaker3,speaker3_token_number,speaker3_expression_token_number,speaker3_expression_number,speaker3_er_ratio,total_token_number,total_er_token_number,av_er_ratio,total_er_number,begin,end,file
S0417,242,86,71,0.35537190082644626,S0418,7,7,7,1.0,S0416,277,144,130,0.51985559566787,526,237,0.4505703422053232,208,0,50,SVAT.tsv
S0417,91,30,27,0.32967032967032966,S0418,10,5,5,0.5,S0416,218,59,45,0.2706422018348624,319,94,0.2946708463949843,77,50,100,SVAT.tsv
S0417,197,95,85,0.48223350253807107,S0418,11,3,3,0.2727272727272727,S0416,211,79,67,0.3744075829383886,419,177,0.4224343675417661,155,100,150,SVAT.tsv
S0417,64,35,29,0.546875,S0418,22,8,8,0.36363636363636365,S0416,92,12,11,0.13043478260869565,178,55,0.3089887640449438,48,150,200,SVAT.tsv
S0417,58,11,11,0.1896551724137931,S0418,11,2,2,0.18181818181818182,S0416,36,7,7,0.19444444444444445,105,20,0.19047619047619047,20,200,228,SVAT.tsv
