speaker1,speaker1_token_number,speaker1_expression_token_number,speaker1_expression_number,speaker1_er_ratio,speaker2,speaker2_token_number,speaker2_expression_token_number,speaker2_expression_number,speaker2_er_ratio,speaker3,speaker3_token_number,speaker3_expression_token_number,speaker3_expression_number,speaker3_er_ratio,total_token_number,total_er_token_number,av_er_ratio,total_er_number,begin,end,file
S0653,152,87,78,0.5723684210526315,S0654,140,19,17,0.1357142857142857,S0655,139,67,59,0.48201438848920863,431,173,0.4013921113689095,154,0,50,SXH5.tsv
S0653,278,135,112,0.4856115107913669,S0654,57,27,26,0.47368421052631576,S0655,202,77,59,0.3811881188118812,537,239,0.4450651769087523,197,50,100,SXH5.tsv
S0653,205,76,61,0.37073170731707317,S0654,136,74,63,0.5441176470588235,S0655,69,32,30,0.463768115942029,410,182,0.44390243902439025,154,100,150,SXH5.tsv
S0653,94,39,36,0.4148936170212766,S0654,82,26,23,0.3170731707317073,S0655,116,54,38,0.46551724137931033,292,119,0.4075342465753425,97,150,200,SXH5.tsv
S0653,107,50,45,0.4672897196261682,S0654,107,47,35,0.4392523364485981,S0655,101,42,41,0.4158415841584158,315,139,0.44126984126984126,121,200,250,SXH5.tsv
S0653,89,18,18,0.20224719101123595,S0654,9,3,3,0.3333333333333333,S0655,67,23,20,0.34328358208955223,165,44,0.26666666666666666,41,250,275,SXH5.tsv
