speaker1,speaker1_token_number,speaker1_expression_token_number,speaker1_expression_number,speaker1_er_ratio,speaker2,speaker2_token_number,speaker2_expression_token_number,speaker2_expression_number,speaker2_er_ratio,speaker3,speaker3_token_number,speaker3_expression_token_number,speaker3_expression_number,speaker3_er_ratio,total_token_number,total_er_token_number,av_er_ratio,total_er_number,begin,end,file
S0266,31,12,9,0.3870967741935484,S0272,1229,545,480,0.4434499593165175,S0273,282,174,137,0.6170212765957447,1542,731,0.47405966277561606,626,0,50,SYNT.tsv
S0266,65,45,37,0.6923076923076923,S0272,739,223,192,0.3017591339648173,S0273,85,43,33,0.5058823529411764,889,311,0.3498312710911136,262,50,100,SYNT.tsv
S0266,58,21,20,0.3620689655172414,S0272,722,195,181,0.27008310249307477,S0273,122,90,71,0.7377049180327869,902,306,0.3392461197339246,272,100,150,SYNT.tsv
S0266,26,10,10,0.38461538461538464,S0272,271,170,138,0.6273062730627307,S0273,778,264,240,0.3393316195372751,1075,444,0.4130232558139535,388,150,200,SYNT.tsv
S0266,0,0,0,0.0,S0272,363,184,168,0.5068870523415978,S0273,209,75,66,0.3588516746411483,572,259,0.4527972027972028,234,200,228,SYNT.tsv
