begin,end,s1_er_ratio,s2_er_ratio,er_ratio_average,file
0,50,0.37714285714285717,0.4,0.3875,S323.tsv
50,100,0.2441860465116279,0.36153846153846153,0.2947019867549669,S323.tsv
100,150,0.29707112970711297,0.3870967741935484,0.33647058823529413,S323.tsv
150,200,0.4279475982532751,0.3177083333333333,0.37767220902612825,S323.tsv
200,214,0.07368421052631578,0.5454545454545454,0.1953125,S323.tsv
