begin,end,s1_er_ratio,s2_er_ratio,er_ratio_average,file
0,50,0.39622641509433965,0.38235294117647056,0.3870967741935484,S66F.tsv
50,100,0.531578947368421,0.2819548872180451,0.38596491228070173,S66F.tsv
100,150,0.3565217391304348,0.5382262996941896,0.4631956912028725,S66F.tsv
150,200,0.4567901234567901,0.45454545454545453,0.45528455284552843,S66F.tsv
200,250,0.41785714285714287,0.5061425061425061,0.47016011644832606,S66F.tsv
250,274,0.19607843137254902,0.0975609756097561,0.12093023255813953,S66F.tsv
