begin,end,s1_er_ratio,s2_er_ratio,er_ratio_average,file
0,50,0.3798076923076923,0.4685714285714286,0.40609137055837563,SAUJ.tsv
50,100,0.30701754385964913,0.5843828715365239,0.4832,SAUJ.tsv
100,150,0.45964912280701753,0.4489051094890511,0.4543828264758497,SAUJ.tsv
150,200,0.2975206611570248,0.49101796407185627,0.3765281173594132,SAUJ.tsv
200,250,0.4177777777777778,0.42058823529411765,0.4194690265486726,SAUJ.tsv
250,300,0.5017064846416383,0.505338078291815,0.5034843205574913,SAUJ.tsv
300,350,0.3215547703180212,0.5137614678899083,0.405189620758483,SAUJ.tsv
350,400,0.3640552995391705,0.3539325842696629,0.3594936708860759,SAUJ.tsv
400,413,0.058823529411764705,0.029850746268656716,0.039603960396039604,SAUJ.tsv
