begin,end,s1_er_ratio,s2_er_ratio,er_ratio_average,file
0,50,0.6460481099656358,0.30038022813688214,0.423500611995104,SAXQ.tsv
50,100,0.4375,0.3855072463768116,0.40683760683760684,SAXQ.tsv
100,150,0.45897435897435895,0.34615384615384615,0.4230769230769231,SAXQ.tsv
150,200,0.4132841328413284,0.41810344827586204,0.415506958250497,SAXQ.tsv
200,250,0.4017094017094017,0.5,0.4441747572815534,SAXQ.tsv
250,279,0.3333333333333333,0.2857142857142857,0.3107569721115538,SAXQ.tsv
