begin,end,s1_er_ratio,s2_er_ratio,er_ratio_average,file
0,50,0.4520547945205479,0.46564885496183206,0.46078431372549017,SB49.tsv
50,100,0.44798301486199577,0.4990791896869245,0.47534516765285995,SB49.tsv
100,150,0.3299595141700405,0.5879396984924623,0.40404040404040403,SB49.tsv
150,166,0.29285714285714287,0.25925925925925924,0.28054298642533937,SB49.tsv
