begin,end,s1_er_ratio,s2_er_ratio,er_ratio_average,file
0,50,0.7105263157894737,0.20965396917708637,0.24079629124625035,SBS5.tsv
50,100,0.4331395348837209,0.42857142857142855,0.4306864064602961,SBS5.tsv
100,118,0.5283018867924528,0.15436241610738255,0.30980392156862746,SBS5.tsv
