begin,end,s1_er_ratio,s2_er_ratio,er_ratio_average,file
0,50,0.5329949238578681,0.4036144578313253,0.49464285714285716,SHK7.tsv
50,100,0.5285714285714286,0.3241106719367589,0.3969465648854962,SHK7.tsv
100,150,0.11174785100286533,0.5833333333333334,0.2722117202268431,SHK7.tsv
150,200,0.41304347826086957,0.13733905579399142,0.1827956989247312,SHK7.tsv
200,250,0.3848684210526316,0.3469387755102041,0.37250554323725055,SHK7.tsv
250,300,0.16477272727272727,0.47317073170731705,0.33070866141732286,SHK7.tsv
300,302,0.0,0.0,0.0,SHK7.tsv
