begin,end,s1_er_ratio,s2_er_ratio,er_ratio_average,file
0,50,0.4721189591078067,0.5128205128205128,0.492619926199262,SL46.tsv
50,100,0.35294117647058826,0.3121495327102804,0.3195718654434251,SL46.tsv
100,120,0.18181818181818182,0.22058823529411764,0.21235521235521235,SL46.tsv
