begin,end,s1_er_ratio,s2_er_ratio,er_ratio_average,file
0,50,0.42,0.29411764705882354,0.34074074074074073,SMBC.tsv
50,100,0.33727810650887574,0.4530386740331492,0.39714285714285713,SMBC.tsv
100,150,0.46,0.07758620689655173,0.22774869109947643,SMBC.tsv
150,200,0.20261437908496732,0.4806201550387597,0.2850574712643678,SMBC.tsv
200,250,0.451063829787234,0.4460093896713615,0.4486607142857143,SMBC.tsv
250,300,0.42857142857142855,0.4864864864864865,0.4469178082191781,SMBC.tsv
300,316,0.3037974683544304,0.05128205128205128,0.22033898305084745,SMBC.tsv
