begin,end,s1_er_ratio,s2_er_ratio,er_ratio_average,file
0,50,0.49,0.4337899543378995,0.4728789986091794,SN26.tsv
50,100,0.3602693602693603,0.425531914893617,0.3890977443609023,SN26.tsv
100,150,0.2719546742209632,0.4030612244897959,0.31876138433515483,SN26.tsv
150,200,0.22305764411027568,0.5454545454545454,0.3128390596745027,SN26.tsv
200,250,0.3922902494331066,0.3872549019607843,0.39069767441860465,SN26.tsv
250,251,0.0,0.0,0.0,SN26.tsv
