begin,end,s1_er_ratio,s2_er_ratio,er_ratio_average,file
0,50,0.1728395061728395,0.3248407643312102,0.27310924369747897,SNQB.tsv
50,100,0.321656050955414,0.43601895734597157,0.3676190476190476,SNQB.tsv
100,150,0.3554817275747508,0.49640287769784175,0.38191632928475033,SNQB.tsv
150,200,0.391304347826087,0.42857142857142855,0.3988439306358382,SNQB.tsv
200,250,0.34851936218678814,0.461038961038961,0.3653100775193798,SNQB.tsv
250,300,0.29327902240325865,0.5182481751824818,0.34235668789808915,SNQB.tsv
300,350,0.2747747747747748,0.4188034188034188,0.32448377581120946,SNQB.tsv
350,363,0.16981132075471697,0.37037037037037035,0.2375,SNQB.tsv
