begin,end,s1_er_ratio,s2_er_ratio,er_ratio_average,file
0,50,0.5167785234899329,0.3672922252010724,0.39217877094972065,SPXX.tsv
50,100,0.45348837209302323,0.40515933232169954,0.4187568157033806,SPXX.tsv
100,150,0.5502183406113537,0.2534246575342466,0.43466666666666665,SPXX.tsv
150,200,0.4968152866242038,0.29009433962264153,0.3459552495697074,SPXX.tsv
200,250,0.4005681818181818,0.6139896373056994,0.5121951219512195,SPXX.tsv
250,300,0.39622641509433965,0.5062240663900415,0.43609022556390975,SPXX.tsv
300,350,0.38132295719844356,0.46035805626598464,0.42901234567901236,SPXX.tsv
350,400,0.5,0.441527446300716,0.4661134163208852,SPXX.tsv
400,414,0.20491803278688525,0.38235294117647056,0.24358974358974358,SPXX.tsv
