begin,end,s1_er_ratio,s2_er_ratio,er_ratio_average,file
0,50,0.4066390041493776,0.3618421052631579,0.381651376146789,SQ63.tsv
50,100,0.3665893271461717,0.44329896907216493,0.3904,SQ63.tsv
100,150,0.46919431279620855,0.4140127388535032,0.44565217391304346,SQ63.tsv
150,200,0.22727272727272727,0.5683760683760684,0.41203703703703703,SQ63.tsv
200,250,0.39080459770114945,0.4230769230769231,0.40460526315789475,SQ63.tsv
250,300,0.4110032362459547,0.27848101265822783,0.36616702355460384,SQ63.tsv
300,313,0.16666666666666666,0.05263157894736842,0.15037593984962405,SQ63.tsv
