begin,end,s1_er_ratio,s2_er_ratio,er_ratio_average,file
0,50,0.3138888888888889,0.3302752293577982,0.31769722814498935,SRRS.tsv
50,100,0.364741641337386,0.4827586206896552,0.40977443609022557,SRRS.tsv
100,150,0.3618421052631579,0.37142857142857144,0.3677581863979849,SRRS.tsv
150,200,0.3486238532110092,0.40512820512820513,0.37530266343825663,SRRS.tsv
200,250,0.3888888888888889,0.37755102040816324,0.38235294117647056,SRRS.tsv
250,300,0.4596774193548387,0.3393316195372751,0.3684210526315789,SRRS.tsv
300,350,0.6237113402061856,0.28790786948176583,0.37902097902097903,SRRS.tsv
350,400,0.5056179775280899,0.23270440251572327,0.2756183745583039,SRRS.tsv
400,425,0.3,0.25696594427244585,0.26463104325699743,SRRS.tsv
