begin,end,s1_er_ratio,s2_er_ratio,er_ratio_average,file
0,50,0.5833333333333334,0.4374342797055731,0.4644387317909169,SRZT.tsv
50,100,0.6075471698113207,0.318941504178273,0.3967446592065107,SRZT.tsv
100,110,0.23076923076923078,0.08974358974358974,0.10989010989010989,SRZT.tsv
