begin,end,s1_er_ratio,s2_er_ratio,er_ratio_average,file
0,50,0.45794392523364486,0.37142857142857144,0.3953488372093023,SVBN.tsv
50,100,0.5225225225225225,0.29646017699115046,0.37091988130563797,SVBN.tsv
100,150,0.5,0.38461538461538464,0.4383561643835616,SVBN.tsv
150,200,0.45517241379310347,0.44081632653061226,0.4461538461538462,SVBN.tsv
200,250,0.4626865671641791,0.24691358024691357,0.36639118457300274,SVBN.tsv
250,300,0.39490445859872614,0.4268292682926829,0.411214953271028,SVBN.tsv
300,350,0.40707964601769914,0.3492647058823529,0.36623376623376624,SVBN.tsv
350,370,0.1875,0.3235294117647059,0.25,SVBN.tsv
