begin,end,s1_er_ratio,s2_er_ratio,er_ratio_average,file
0,50,0.27802690582959644,0.5886524822695035,0.4514851485148515,SXVL.tsv
50,100,0.5,0.22291021671826625,0.29330254041570436,SXVL.tsv
100,150,0.4642857142857143,0.402555910543131,0.4263261296660118,SXVL.tsv
150,200,0.5172413793103449,0.359504132231405,0.4254807692307692,SXVL.tsv
200,250,0.2701612903225806,0.5064935064935064,0.38413361169102295,SXVL.tsv
250,300,0.2652439024390244,0.49038461538461536,0.35261194029850745,SXVL.tsv
300,350,0.37554585152838427,0.34615384615384615,0.36253041362530414,SXVL.tsv
350,400,0.40298507462686567,0.436426116838488,0.4185303514376997,SXVL.tsv
400,443,0.3068181818181818,0.408,0.3488372093023256,SXVL.tsv
