begin,end,s1_er_ratio,s2_er_ratio,er_ratio_average,file
0,50,0.23715415019762845,0.2764227642276423,0.25,SY8A.tsv
50,100,0.4539877300613497,0.28169014084507044,0.35638297872340424,SY8A.tsv
100,150,0.35135135135135137,0.4,0.37254901960784315,SY8A.tsv
150,200,0.36363636363636365,0.19658119658119658,0.30368098159509205,SY8A.tsv
200,227,0.18072289156626506,0.3,0.20833333333333334,SY8A.tsv
