begin,end,s1_er_ratio,s2_er_ratio,er_ratio_average,file
0,50,0.176056338028169,0.4523809523809524,0.2391304347826087,SYHA.tsv
50,100,0.13157894736842105,0.5128205128205128,0.18726591760299627,SYHA.tsv
100,150,0.2214765100671141,0.37209302325581395,0.2552083333333333,SYHA.tsv
150,200,0.1761006289308176,0.65625,0.25654450261780104,SYHA.tsv
200,234,0.09345794392523364,0.16666666666666666,0.10084033613445378,SYHA.tsv
