begin,end,s1_er_ratio,s2_er_ratio,er_ratio_average,file
0,50,0.47596153846153844,0.43272727272727274,0.45134575569358176,SZCM.tsv
50,100,0.4912891986062718,0.37349397590361444,0.4481236203090508,SZCM.tsv
100,150,0.3402061855670103,0.46946564885496184,0.4144736842105263,SZCM.tsv
150,200,0.44171779141104295,0.46613545816733065,0.45652173913043476,SZCM.tsv
200,250,0.5775577557755776,0.2796352583586626,0.4224683544303797,SZCM.tsv
250,300,0.29081632653061223,0.599009900990099,0.4472361809045226,SZCM.tsv
300,350,0.422279792746114,0.4864864864864865,0.448062015503876,SZCM.tsv
350,400,0.10984848484848485,0.7013888888888888,0.23660714285714285,SZCM.tsv
400,432,0.36363636363636365,0.3445378151260504,0.3545816733067729,SZCM.tsv
