begin,end,s1_er_ratio,s2_er_ratio,er_ratio_average,file
0,50,0.39903846153846156,0.43686868686868685,0.43123209169054444,SZNP.tsv
50,100,0.5630252100840336,0.31662591687041564,0.3479188900747065,SZNP.tsv
100,150,0.5956284153005464,0.25396825396825395,0.34497816593886466,SZNP.tsv
150,200,0.458128078817734,0.4701492537313433,0.46772591857000995,SZNP.tsv
200,250,0.5429864253393665,0.35827664399092973,0.4199395770392749,SZNP.tsv
250,279,0.24752475247524752,0.29411764705882354,0.2727272727272727,SZNP.tsv
