speaker_number,vo_overlap,vo_total,total_token_number,overlap,begin,end,file
2,52,172,532,0.3023255813953488,0,50,S3S6.tsv
2,76,264,943,0.2878787878787879,0,100,S3S6.tsv
2,96,361,1470,0.2659279778393352,0,150,S3S6.tsv
2,111,472,2205,0.23516949152542374,0,200,S3S6.tsv
2,149,521,2636,0.28598848368522073,0,250,S3S6.tsv
2,158,556,3156,0.2841726618705036,0,300,S3S6.tsv
2,184,601,3588,0.30615640599001664,0,350,S3S6.tsv
2,188,618,3718,0.3042071197411003,0,370,S3S6.tsv
