speaker_number,vo_overlap,vo_total,total_token_number,overlap,begin,end,file
2,37,163,348,0.22699386503067484,0,50,S4MF.tsv
2,66,255,698,0.25882352941176473,0,100,S4MF.tsv
2,100,358,1315,0.27932960893854747,0,150,S4MF.tsv
2,129,429,1763,0.3006993006993007,0,200,S4MF.tsv
2,147,489,2168,0.3006134969325153,0,250,S4MF.tsv
2,172,536,2553,0.3208955223880597,0,300,S4MF.tsv
2,202,582,2990,0.3470790378006873,0,350,S4MF.tsv
2,216,618,3313,0.34951456310679613,0,400,S4MF.tsv
2,222,624,3387,0.3557692307692308,0,411,S4MF.tsv
