speaker_number,vo_overlap,vo_total,total_token_number,overlap,begin,end,file
2,41,157,387,0.2611464968152866,0,50,S622.tsv
2,75,214,697,0.35046728971962615,0,100,S622.tsv
2,100,260,1092,0.38461538461538464,0,150,S622.tsv
2,117,313,1480,0.3738019169329074,0,200,S622.tsv
2,129,377,2036,0.3421750663129973,0,250,S622.tsv
2,143,416,2372,0.34375,0,300,S622.tsv
2,143,419,2409,0.3412887828162291,0,302,S622.tsv
