speaker_number,vo_overlap,vo_total,total_token_number,overlap,begin,end,file
2,54,268,915,0.20149253731343283,0,50,S63K.tsv
2,81,351,1381,0.23076923076923078,0,100,S63K.tsv
2,106,443,1982,0.23927765237020315,0,150,S63K.tsv
2,138,542,2570,0.25461254612546125,0,200,S63K.tsv
2,174,613,3101,0.2838499184339315,0,250,S63K.tsv
2,205,659,3652,0.3110773899848255,0,300,S63K.tsv
2,233,714,4167,0.32633053221288516,0,350,S63K.tsv
2,253,759,4734,0.3333333333333333,0,400,S63K.tsv
2,258,761,4778,0.33902759526938236,0,405,S63K.tsv
