speaker_number,vo_overlap,vo_total,total_token_number,overlap,begin,end,file
2,35,177,465,0.1977401129943503,0,50,S66F.tsv
2,77,279,921,0.27598566308243727,0,100,S66F.tsv
2,122,375,1478,0.3253333333333333,0,150,S66F.tsv
2,155,483,2216,0.32091097308488614,0,200,S66F.tsv
2,191,570,2903,0.3350877192982456,0,250,S66F.tsv
2,195,597,3118,0.32663316582914576,0,274,S66F.tsv
