speaker_number,vo_overlap,vo_total,total_token_number,overlap,begin,end,file
2,72,552,2486,0.13043478260869565,0,50,S6J8.tsv
2,83,603,2885,0.13764510779436154,0,100,S6J8.tsv
2,105,660,3281,0.1590909090909091,0,150,S6J8.tsv
2,128,715,3850,0.17902097902097902,0,200,S6J8.tsv
2,160,741,4116,0.21592442645074225,0,250,S6J8.tsv
2,160,741,4119,0.21592442645074225,0,253,S6J8.tsv
