speaker_number,vo_overlap,vo_total,total_token_number,overlap,begin,end,file
2,40,210,402,0.19047619047619047,0,50,S7NJ.tsv
2,87,348,968,0.25,0,100,S7NJ.tsv
2,126,432,1456,0.2916666666666667,0,150,S7NJ.tsv
2,153,479,1946,0.31941544885177453,0,200,S7NJ.tsv
2,173,497,2272,0.34808853118712274,0,250,S7NJ.tsv
2,199,538,2664,0.36988847583643125,0,300,S7NJ.tsv
2,227,590,3053,0.3847457627118644,0,350,S7NJ.tsv
2,240,620,3312,0.3870967741935484,0,393,S7NJ.tsv
