speaker_number,vo_overlap,vo_total,total_token_number,overlap,begin,end,file
2,47,141,401,0.3333333333333333,0,50,S7P2.tsv
2,91,261,1009,0.3486590038314176,0,100,S7P2.tsv
2,119,349,1561,0.34097421203438394,0,150,S7P2.tsv
2,136,403,1968,0.337468982630273,0,200,S7P2.tsv
2,158,457,2451,0.34573304157549234,0,250,S7P2.tsv
2,160,466,2598,0.34334763948497854,0,266,S7P2.tsv
