speaker_number,vo_overlap,vo_total,total_token_number,overlap,begin,end,file
2,22,199,671,0.11055276381909548,0,50,S7S2.tsv
2,130,431,2240,0.30162412993039445,0,100,S7S2.tsv
2,163,492,2822,0.3313008130081301,0,150,S7S2.tsv
2,197,566,3455,0.3480565371024735,0,200,S7S2.tsv
2,228,630,4140,0.3619047619047619,0,250,S7S2.tsv
2,257,676,4618,0.3801775147928994,0,292,S7S2.tsv
