speaker_number,vo_overlap,vo_total,total_token_number,overlap,begin,end,file
2,55,205,688,0.2682926829268293,0,50,S9S8.tsv
2,95,283,1168,0.33568904593639576,0,100,S9S8.tsv
2,134,361,1684,0.37119113573407203,0,150,S9S8.tsv
2,170,442,2380,0.38461538461538464,0,200,S9S8.tsv
2,195,482,2858,0.4045643153526971,0,250,S9S8.tsv
2,212,515,3154,0.4116504854368932,0,299,S9S8.tsv
