speaker_number,vo_overlap,vo_total,total_token_number,overlap,begin,end,file
2,58,208,663,0.27884615384615385,0,50,SBFR.tsv
2,111,338,1459,0.32840236686390534,0,100,SBFR.tsv
2,145,411,2124,0.35279805352798055,0,150,SBFR.tsv
2,169,486,2725,0.3477366255144033,0,200,SBFR.tsv
2,185,527,3199,0.3510436432637571,0,250,SBFR.tsv
2,201,564,3658,0.35638297872340424,0,300,SBFR.tsv
2,216,600,4113,0.36,0,350,SBFR.tsv
2,216,602,4129,0.3588039867109635,0,352,SBFR.tsv
