speaker_number,vo_overlap,vo_total,total_token_number,overlap,begin,end,file
2,82,240,840,0.3416666666666667,0,50,SC7H.tsv
2,138,356,1677,0.38764044943820225,0,100,SC7H.tsv
2,172,426,2261,0.40375586854460094,0,150,SC7H.tsv
2,197,487,2842,0.40451745379876797,0,190,SC7H.tsv
