speaker_number,vo_overlap,vo_total,total_token_number,overlap,begin,end,file
2,45,144,377,0.3125,0,50,SECU.tsv
2,95,278,946,0.34172661870503596,0,100,SECU.tsv
2,127,336,1331,0.37797619047619047,0,150,SECU.tsv
2,171,455,1924,0.3758241758241758,0,200,SECU.tsv
2,204,547,2503,0.37294332723948814,0,250,SECU.tsv
2,230,627,3223,0.3668261562998405,0,300,SECU.tsv
2,234,640,3367,0.365625,0,318,SECU.tsv
