speaker_number,vo_overlap,vo_total,total_token_number,overlap,begin,end,file
2,40,148,382,0.2702702702702703,0,50,SEUM.tsv
2,70,214,725,0.32710280373831774,0,100,SEUM.tsv
2,96,281,1143,0.3416370106761566,0,150,SEUM.tsv
2,125,343,1558,0.36443148688046645,0,200,SEUM.tsv
2,150,380,1931,0.39473684210526316,0,250,SEUM.tsv
2,184,421,2273,0.43705463182897863,0,300,SEUM.tsv
2,199,440,2483,0.45227272727272727,0,329,SEUM.tsv
