speaker_number,vo_overlap,vo_total,total_token_number,overlap,begin,end,file
2,56,188,596,0.2978723404255319,0,50,SH9T.tsv
2,103,290,1221,0.35517241379310344,0,100,SH9T.tsv
2,139,358,1734,0.388268156424581,0,150,SH9T.tsv
2,165,418,2215,0.39473684210526316,0,200,SH9T.tsv
2,165,418,2215,0.39473684210526316,0,200,SH9T.tsv
