speaker_number,vo_overlap,vo_total,total_token_number,overlap,begin,end,file
2,41,179,420,0.22905027932960895,0,50,SMSF.tsv
2,81,304,911,0.26644736842105265,0,100,SMSF.tsv
2,119,384,1356,0.3098958333333333,0,150,SMSF.tsv
2,156,455,1803,0.34285714285714286,0,200,SMSF.tsv
2,187,542,2484,0.34501845018450183,0,250,SMSF.tsv
2,223,613,3079,0.3637846655791191,0,300,SMSF.tsv
2,251,698,3773,0.35959885386819485,0,350,SMSF.tsv
2,276,748,4256,0.3689839572192513,0,400,SMSF.tsv
2,290,777,4563,0.3732303732303732,0,441,SMSF.tsv
