speaker_number,vo_overlap,vo_total,total_token_number,overlap,begin,end,file
2,68,208,681,0.3269230769230769,0,50,SN97.tsv
2,118,330,1324,0.3575757575757576,0,100,SN97.tsv
2,136,421,1807,0.32304038004750596,0,150,SN97.tsv
2,169,494,2304,0.34210526315789475,0,200,SN97.tsv
2,195,570,2874,0.34210526315789475,0,250,SN97.tsv
2,234,635,3675,0.36850393700787404,0,300,SN97.tsv
2,292,699,4561,0.4177396280400572,0,350,SN97.tsv
2,308,737,5031,0.417910447761194,0,396,SN97.tsv
