speaker_number,vo_overlap,vo_total,total_token_number,overlap,begin,end,file
2,47,253,895,0.1857707509881423,0,50,SPXX.tsv
2,101,402,1812,0.2512437810945274,0,100,SPXX.tsv
2,126,451,2187,0.2793791574279379,0,150,SPXX.tsv
2,153,540,2768,0.2833333333333333,0,200,SPXX.tsv
2,189,602,3506,0.313953488372093,0,250,SPXX.tsv
2,209,663,4171,0.3152337858220211,0,300,SPXX.tsv
2,239,733,4819,0.32605729877216916,0,350,SPXX.tsv
2,264,793,5542,0.3329129886506936,0,400,SPXX.tsv
2,269,808,5698,0.33292079207920794,0,414,SPXX.tsv
