speaker_number,vo_overlap,vo_total,total_token_number,overlap,begin,end,file
2,36,167,459,0.2155688622754491,0,50,SRCA.tsv
2,81,368,1590,0.22010869565217392,0,100,SRCA.tsv
2,113,416,2016,0.27163461538461536,0,150,SRCA.tsv
2,145,490,2550,0.29591836734693877,0,200,SRCA.tsv
2,166,531,2932,0.3126177024482109,0,229,SRCA.tsv
