speaker_number,vo_overlap,vo_total,total_token_number,overlap,begin,end,file
2,37,183,510,0.20218579234972678,0,50,SRK4.tsv
2,70,283,1010,0.24734982332155478,0,100,SRK4.tsv
2,109,363,1449,0.3002754820936639,0,150,SRK4.tsv
2,125,418,1762,0.29904306220095694,0,194,SRK4.tsv
