speaker_number,vo_overlap,vo_total,total_token_number,overlap,begin,end,file
2,45,170,332,0.2647058823529412,0,50,SRVD.tsv
2,70,260,632,0.2692307692307692,0,100,SRVD.tsv
2,94,317,868,0.29652996845425866,0,150,SRVD.tsv
2,118,402,1217,0.2935323383084577,0,200,SRVD.tsv
2,156,482,1712,0.3236514522821577,0,250,SRVD.tsv
2,176,537,2073,0.32774674115456237,0,300,SRVD.tsv
2,194,564,2285,0.34397163120567376,0,334,SRVD.tsv
