speaker_number,vo_overlap,vo_total,total_token_number,overlap,begin,end,file
2,41,236,607,0.17372881355932204,0,50,ST39.tsv
2,81,338,1174,0.23964497041420119,0,100,ST39.tsv
2,137,429,1879,0.31934731934731936,0,150,ST39.tsv
2,160,505,2424,0.31683168316831684,0,200,ST39.tsv
2,160,505,2429,0.31683168316831684,0,201,ST39.tsv
