speaker_number,vo_overlap,vo_total,total_token_number,overlap,begin,end,file
2,60,171,542,0.3508771929824561,0,50,SVCS.tsv
2,103,282,1137,0.36524822695035464,0,100,SVCS.tsv
2,145,396,1912,0.3661616161616162,0,150,SVCS.tsv
2,181,529,2706,0.34215500945179583,0,200,SVCS.tsv
2,207,607,3318,0.34102141680395387,0,250,SVCS.tsv
2,245,717,4154,0.3417015341701534,0,300,SVCS.tsv
2,271,836,5313,0.3241626794258373,0,350,SVCS.tsv
2,287,917,5944,0.31297709923664124,0,386,SVCS.tsv
