speaker_number,vo_overlap,vo_total,total_token_number,overlap,begin,end,file
2,35,142,350,0.24647887323943662,0,50,SZBV.tsv
2,77,235,776,0.3276595744680851,0,100,SZBV.tsv
2,110,316,1158,0.34810126582278483,0,150,SZBV.tsv
2,129,366,1472,0.3524590163934426,0,200,SZBV.tsv
2,151,417,1869,0.36211031175059955,0,250,SZBV.tsv
2,164,452,2154,0.36283185840707965,0,300,SZBV.tsv
2,181,475,2461,0.38105263157894737,0,350,SZBV.tsv
2,209,515,2901,0.4058252427184466,0,400,SZBV.tsv
2,220,532,3093,0.41353383458646614,0,429,SZBV.tsv
