speaker_number,vo_overlap,vo_total,total_token_number,overlap,begin,end,file
2,67,207,706,0.32367149758454106,0,50,SZR7.tsv
2,86,299,1203,0.28762541806020064,0,100,SZR7.tsv
2,106,365,1608,0.29041095890410956,0,150,SZR7.tsv
2,133,421,2009,0.3159144893111639,0,200,SZR7.tsv
2,155,489,2488,0.3169734151329243,0,250,SZR7.tsv
2,181,513,2906,0.35282651072124754,0,300,SZR7.tsv
2,189,534,3084,0.3539325842696629,0,325,SZR7.tsv
