speaker_number,vo_overlap,vo_total,total_token_number,overlap,s1_and_other,s2_and_other,s3_and_other,s4_and_other,begin,end,file
4,115,157,324,0.18312101910828024,41,30,8,36,0,50,S86J.tsv
4,236,251,677,0.2350597609561753,81,60,27,68,0,100,S86J.tsv
4,324,332,983,0.24397590361445784,103,96,44,81,0,150,S86J.tsv
4,392,395,1290,0.2481012658227848,132,100,58,102,0,200,S86J.tsv
4,441,448,1582,0.24609375,144,114,63,120,0,250,S86J.tsv
4,493,499,1874,0.2469939879759519,162,126,67,138,0,300,S86J.tsv
4,536,540,2180,0.24814814814814815,174,145,67,150,0,350,S86J.tsv
4,592,603,2538,0.24543946932006633,193,167,67,165,0,400,S86J.tsv
4,642,641,2858,0.250390015600624,206,182,67,187,0,446,S86J.tsv
