speaker1,speaker1_token_number,speaker1_expression_token_number,speaker1_expression_number,speaker1_er_ratio,speaker2,speaker2_token_number,speaker2_expression_token_number,speaker2_expression_number,speaker2_er_ratio,speaker3,speaker3_token_number,speaker3_expression_token_number,speaker3_expression_number,speaker3_er_ratio,total_token_number,total_er_token_number,av_er_ratio,total_er_number,begin,end,file
S0653,183,83,71,0.453551912568306,S0654,72,12,10,0.16666666666666666,S0655,71,38,34,0.5352112676056338,326,133,0.40797546012269936,115,0,50,S49H.tsv
S0653,146,70,59,0.4794520547945205,S0654,61,33,30,0.5409836065573771,S0655,91,47,39,0.5164835164835165,298,150,0.5033557046979866,128,50,100,S49H.tsv
S0653,213,67,62,0.3145539906103286,S0654,202,92,76,0.45544554455445546,S0655,43,19,17,0.4418604651162791,458,178,0.388646288209607,155,100,150,S49H.tsv
S0653,151,67,58,0.44370860927152317,S0654,152,27,24,0.17763157894736842,S0655,67,20,19,0.29850746268656714,370,114,0.3081081081081081,101,150,200,S49H.tsv
S0653,29,2,1,0.06896551724137931,S0654,39,7,6,0.1794871794871795,S0655,0,0,0,0.0,68,9,0.1323529411764706,7,200,207,S49H.tsv
