speaker1,speaker1_token_number,speaker1_expression_token_number,speaker1_expression_number,speaker1_er_ratio,speaker2,speaker2_token_number,speaker2_expression_token_number,speaker2_expression_number,speaker2_er_ratio,speaker3,speaker3_token_number,speaker3_expression_token_number,speaker3_expression_number,speaker3_er_ratio,total_token_number,total_er_token_number,av_er_ratio,total_er_number,begin,end,file
S0198,191,68,50,0.35602094240837695,S0230,167,68,61,0.40718562874251496,S0229,10,2,1,0.2,368,138,0.375,112,0,50,S78E.tsv
S0198,365,139,133,0.38082191780821917,S0230,146,58,46,0.3972602739726027,S0229,15,7,6,0.4666666666666667,526,204,0.38783269961977185,185,50,100,S78E.tsv
S0198,296,96,91,0.32432432432432434,S0230,104,50,48,0.4807692307692308,S0229,75,46,40,0.6133333333333333,475,192,0.40421052631578946,179,100,150,S78E.tsv
S0198,241,89,82,0.36929460580912865,S0230,44,26,24,0.5909090909090909,S0229,103,35,32,0.33980582524271846,388,150,0.3865979381443299,138,150,200,S78E.tsv
S0198,138,51,48,0.3695652173913043,S0230,75,28,25,0.37333333333333335,S0229,89,24,18,0.2696629213483146,302,103,0.34105960264900664,91,200,250,S78E.tsv
S0198,237,102,89,0.43037974683544306,S0230,41,13,12,0.3170731707317073,S0229,124,49,43,0.3951612903225806,402,164,0.4079601990049751,144,250,300,S78E.tsv
S0198,138,31,29,0.2246376811594203,S0230,32,5,5,0.15625,S0229,20,1,1,0.05,190,37,0.19473684210526315,35,300,319,S78E.tsv
