speaker1,speaker1_token_number,speaker1_expression_token_number,speaker1_expression_number,speaker1_er_ratio,speaker2,speaker2_token_number,speaker2_expression_token_number,speaker2_expression_number,speaker2_er_ratio,speaker3,speaker3_token_number,speaker3_expression_token_number,speaker3_expression_number,speaker3_er_ratio,total_token_number,total_er_token_number,av_er_ratio,total_er_number,begin,end,file
S0654,143,71,61,0.4965034965034965,S0653,235,70,59,0.2978723404255319,S0655,25,15,12,0.6,403,156,0.3870967741935484,132,0,50,S7RD.tsv
S0654,161,80,67,0.4968944099378882,S0653,317,120,93,0.3785488958990536,S0655,40,27,20,0.675,518,227,0.43822393822393824,180,50,100,S7RD.tsv
S0654,65,21,18,0.3230769230769231,S0653,228,92,73,0.40350877192982454,S0655,116,51,41,0.4396551724137931,409,164,0.40097799511002447,132,100,150,S7RD.tsv
S0654,93,30,23,0.3225806451612903,S0653,188,60,37,0.3191489361702128,S0655,111,61,48,0.5495495495495496,392,151,0.3852040816326531,108,150,200,S7RD.tsv
S0654,47,28,25,0.5957446808510638,S0653,233,48,42,0.20600858369098712,S0655,128,56,41,0.4375,408,132,0.3235294117647059,108,200,246,S7RD.tsv
