speaker1,speaker1_token_number,speaker1_expression_token_number,speaker1_expression_number,speaker1_er_ratio,speaker2,speaker2_token_number,speaker2_expression_token_number,speaker2_expression_number,speaker2_er_ratio,speaker3,speaker3_token_number,speaker3_expression_token_number,speaker3_expression_number,speaker3_er_ratio,total_token_number,total_er_token_number,av_er_ratio,total_er_number,begin,end,file
S0653,200,72,68,0.36,S0654,46,21,18,0.45652173913043476,S0655,140,65,54,0.4642857142857143,386,158,0.40932642487046633,140,0,50,SBNC.tsv
S0653,102,42,36,0.4117647058823529,S0654,154,35,32,0.22727272727272727,S0655,67,34,30,0.5074626865671642,323,111,0.34365325077399383,98,50,100,SBNC.tsv
S0653,166,64,58,0.3855421686746988,S0654,91,34,26,0.37362637362637363,S0655,85,39,32,0.4588235294117647,342,137,0.40058479532163743,116,100,150,SBNC.tsv
S0653,359,80,65,0.22284122562674094,S0654,231,143,118,0.6190476190476191,S0655,29,16,12,0.5517241379310345,619,239,0.3861066235864297,195,150,200,SBNC.tsv
S0653,219,55,55,0.2511415525114155,S0654,82,47,41,0.573170731707317,S0655,60,20,20,0.3333333333333333,361,122,0.3379501385041551,116,200,250,SBNC.tsv
S0653,282,120,89,0.425531914893617,S0654,66,18,13,0.2727272727272727,S0655,75,39,26,0.52,423,177,0.41843971631205673,128,250,300,SBNC.tsv
S0653,230,76,76,0.33043478260869563,S0654,68,46,41,0.6764705882352942,S0655,56,17,16,0.30357142857142855,354,139,0.3926553672316384,133,300,350,SBNC.tsv
S0653,20,2,2,0.1,S0654,13,0,0,0.0,S0655,20,2,2,0.1,53,4,0.07547169811320754,4,350,358,SBNC.tsv
