speaker1,speaker1_token_number,speaker1_expression_token_number,speaker1_expression_number,speaker1_er_ratio,speaker2,speaker2_token_number,speaker2_expression_token_number,speaker2_expression_number,speaker2_er_ratio,speaker3,speaker3_token_number,speaker3_expression_token_number,speaker3_expression_number,speaker3_er_ratio,total_token_number,total_er_token_number,av_er_ratio,total_er_number,begin,end,file
S0417,172,83,77,0.48255813953488375,S0416,253,78,68,0.308300395256917,S0418,1,0,0,0.0,426,161,0.3779342723004695,145,0,50,SH6W.tsv
S0417,204,67,62,0.3284313725490196,S0416,163,79,67,0.48466257668711654,S0418,3,2,2,0.6666666666666666,370,148,0.4,131,50,100,SH6W.tsv
S0417,308,151,134,0.4902597402597403,S0416,152,65,55,0.4276315789473684,S0418,0,0,0,0.0,460,216,0.46956521739130436,189,100,150,SH6W.tsv
S0417,213,49,45,0.2300469483568075,S0416,125,30,25,0.24,S0418,10,0,0,0.0,348,79,0.22701149425287356,70,150,195,SH6W.tsv
