speaker1,speaker1_token_number,speaker1_expression_token_number,speaker1_expression_number,speaker1_er_ratio,speaker2,speaker2_token_number,speaker2_expression_token_number,speaker2_expression_number,speaker2_er_ratio,speaker3,speaker3_token_number,speaker3_expression_token_number,speaker3_expression_number,speaker3_er_ratio,total_token_number,total_er_token_number,av_er_ratio,total_er_number,begin,end,file
S0655,58,20,17,0.3448275862068966,S0653,215,63,53,0.2930232558139535,S0654,138,65,55,0.47101449275362317,411,148,0.36009732360097324,125,0,50,SQU6.tsv
S0655,101,37,33,0.36633663366336633,S0653,274,75,68,0.2737226277372263,S0654,45,21,18,0.4666666666666667,420,133,0.31666666666666665,119,50,100,SQU6.tsv
S0655,81,32,26,0.3950617283950617,S0653,265,82,63,0.30943396226415093,S0654,66,28,26,0.42424242424242425,412,142,0.3446601941747573,115,100,150,SQU6.tsv
S0655,64,35,35,0.546875,S0653,148,48,42,0.32432432432432434,S0654,89,27,22,0.30337078651685395,301,110,0.3654485049833887,99,150,200,SQU6.tsv
S0655,85,42,38,0.49411764705882355,S0653,229,56,43,0.2445414847161572,S0654,35,6,6,0.17142857142857143,349,104,0.2979942693409742,87,200,250,SQU6.tsv
S0655,40,16,15,0.4,S0653,391,96,91,0.24552429667519182,S0654,53,17,13,0.32075471698113206,484,129,0.2665289256198347,119,250,300,SQU6.tsv
S0655,71,26,24,0.36619718309859156,S0653,256,64,60,0.25,S0654,43,30,26,0.6976744186046512,370,120,0.32432432432432434,110,300,350,SQU6.tsv
S0655,28,4,4,0.14285714285714285,S0653,179,48,44,0.2681564245810056,S0654,64,37,29,0.578125,271,89,0.3284132841328413,77,350,389,SQU6.tsv
