speaker_number,vo_overlap,vo_total,total_token_number,overlap,begin,end,file
2,65,202,673,0.3217821782178218,0,50,S24A.tsv
2,85,237,738,0.35864978902953587,50,100,S24A.tsv
2,23,80,199,0.2875,100,123,S24A.tsv
