speaker_number,vo_overlap,vo_total,total_token_number,overlap,begin,end,file
2,38,159,361,0.2389937106918239,0,50,S2A5.tsv
2,41,155,402,0.2645161290322581,50,100,S2A5.tsv
2,45,160,377,0.28125,100,150,S2A5.tsv
2,48,154,449,0.3116883116883117,150,200,S2A5.tsv
2,5,36,50,0.1388888888888889,200,207,S2A5.tsv
