speaker_number,vo_overlap,vo_total,total_token_number,overlap,begin,end,file
2,40,170,501,0.23529411764705882,0,50,S2CY.tsv
2,29,144,363,0.2013888888888889,50,100,S2CY.tsv
2,38,164,462,0.23170731707317074,100,150,S2CY.tsv
2,40,126,336,0.31746031746031744,150,200,S2CY.tsv
2,33,155,445,0.2129032258064516,200,250,S2CY.tsv
2,40,148,345,0.2702702702702703,250,295,S2CY.tsv
