speaker_number,vo_overlap,vo_total,total_token_number,overlap,begin,end,file
2,48,174,394,0.27586206896551724,0,50,S2FT.tsv
2,54,180,502,0.3,50,100,S2FT.tsv
2,49,221,605,0.22171945701357465,100,150,S2FT.tsv
2,41,168,403,0.24404761904761904,150,200,S2FT.tsv
2,58,228,659,0.2543859649122807,200,250,S2FT.tsv
2,0,26,37,0.0,250,253,S2FT.tsv
