speaker_number,vo_overlap,vo_total,total_token_number,overlap,begin,end,file
2,51,182,512,0.2802197802197802,0,50,S52C.tsv
2,43,211,619,0.2037914691943128,50,100,S52C.tsv
2,59,217,713,0.271889400921659,100,150,S52C.tsv
2,72,198,609,0.36363636363636365,150,200,S52C.tsv
2,80,236,915,0.3389830508474576,200,250,S52C.tsv
2,17,74,148,0.22972972972972974,250,258,S52C.tsv
