speaker_number,vo_overlap,vo_total,total_token_number,overlap,begin,end,file
2,39,177,494,0.22033898305084745,0,50,S59R.tsv
2,45,206,511,0.21844660194174756,50,100,S59R.tsv
2,45,158,369,0.2848101265822785,100,150,S59R.tsv
2,71,231,645,0.30735930735930733,150,200,S59R.tsv
2,63,185,512,0.34054054054054056,200,250,S59R.tsv
2,54,177,422,0.3050847457627119,250,300,S59R.tsv
2,29,136,275,0.21323529411764705,300,323,S59R.tsv
