speaker_number,vo_overlap,vo_total,total_token_number,overlap,begin,end,file
2,54,268,915,0.20149253731343283,0,50,S63K.tsv
2,37,180,466,0.20555555555555555,50,100,S63K.tsv
2,47,204,601,0.23039215686274508,100,150,S63K.tsv
2,61,214,588,0.2850467289719626,150,200,S63K.tsv
2,59,204,531,0.28921568627450983,200,250,S63K.tsv
2,54,193,551,0.27979274611398963,250,300,S63K.tsv
2,57,187,515,0.3048128342245989,300,350,S63K.tsv
2,53,214,567,0.24766355140186916,350,400,S63K.tsv
2,9,29,44,0.3103448275862069,400,405,S63K.tsv
