speaker_number,vo_overlap,vo_total,total_token_number,overlap,begin,end,file
2,47,141,401,0.3333333333333333,0,50,S7P2.tsv
2,49,193,608,0.2538860103626943,50,100,S7P2.tsv
2,49,195,552,0.2512820512820513,100,150,S7P2.tsv
2,30,167,407,0.17964071856287425,150,200,S7P2.tsv
2,52,164,483,0.3170731707317073,200,250,S7P2.tsv
2,22,76,147,0.2894736842105263,250,266,S7P2.tsv
