speaker_number,vo_overlap,vo_total,total_token_number,overlap,begin,end,file
2,47,160,393,0.29375,0,50,S92V.tsv
2,43,177,418,0.24293785310734464,50,100,S92V.tsv
2,38,184,367,0.20652173913043478,100,150,S92V.tsv
2,52,183,503,0.28415300546448086,150,186,S92V.tsv
