speaker_number,vo_overlap,vo_total,total_token_number,overlap,begin,end,file
2,55,205,688,0.2682926829268293,0,50,S9S8.tsv
2,49,168,480,0.2916666666666667,50,100,S9S8.tsv
2,50,172,516,0.29069767441860467,100,150,S9S8.tsv
2,63,218,696,0.2889908256880734,150,200,S9S8.tsv
2,49,171,478,0.28654970760233917,200,250,S9S8.tsv
2,42,117,296,0.358974358974359,250,299,S9S8.tsv
