speaker_number,vo_overlap,vo_total,total_token_number,overlap,begin,end,file
2,50,239,549,0.20920502092050208,0,50,SACQ.tsv
2,47,174,329,0.27011494252873564,50,100,SACQ.tsv
2,50,179,421,0.27932960893854747,100,137,SACQ.tsv
