speaker_number,vo_overlap,vo_total,total_token_number,overlap,begin,end,file
2,46,161,470,0.2857142857142857,0,50,SAFZ.tsv
2,45,176,470,0.2556818181818182,50,100,SAFZ.tsv
2,56,185,533,0.3027027027027027,100,150,SAFZ.tsv
2,49,186,532,0.26344086021505375,150,200,SAFZ.tsv
2,53,192,608,0.2760416666666667,200,250,SAFZ.tsv
2,20,106,239,0.18867924528301888,250,274,SAFZ.tsv
