speaker_number,vo_overlap,vo_total,total_token_number,overlap,begin,end,file
2,45,144,377,0.3125,0,50,SECU.tsv
2,65,211,569,0.3080568720379147,50,100,SECU.tsv
2,53,142,385,0.3732394366197183,100,150,SECU.tsv
2,66,234,593,0.28205128205128205,150,200,SECU.tsv
2,62,229,579,0.27074235807860264,200,250,SECU.tsv
2,67,231,720,0.29004329004329005,250,300,SECU.tsv
2,18,79,144,0.22784810126582278,300,318,SECU.tsv
