speaker_number,vo_overlap,vo_total,total_token_number,overlap,begin,end,file
2,67,192,518,0.3489583333333333,0,50,SFXF.tsv
2,51,180,469,0.2833333333333333,50,100,SFXF.tsv
2,62,214,645,0.2897196261682243,100,150,SFXF.tsv
2,71,229,734,0.31004366812227074,150,200,SFXF.tsv
2,94,246,878,0.3821138211382114,200,250,SFXF.tsv
2,72,225,748,0.32,250,300,SFXF.tsv
2,62,202,667,0.3069306930693069,300,350,SFXF.tsv
2,16,70,142,0.22857142857142856,350,367,SFXF.tsv
