speaker_number,vo_overlap,vo_total,total_token_number,overlap,begin,end,file
2,62,223,700,0.27802690582959644,0,50,SG97.tsv
2,43,192,568,0.22395833333333334,50,100,SG97.tsv
2,46,166,411,0.27710843373493976,100,150,SG97.tsv
2,56,188,560,0.2978723404255319,150,200,SG97.tsv
2,58,185,513,0.31351351351351353,200,250,SG97.tsv
2,38,152,350,0.25,250,300,SG97.tsv
2,5,34,45,0.14705882352941177,300,306,SG97.tsv
