speaker_number,vo_overlap,vo_total,total_token_number,overlap,begin,end,file
2,48,165,391,0.2909090909090909,0,50,SKJ4.tsv
2,41,162,358,0.25308641975308643,50,100,SKJ4.tsv
2,44,144,361,0.3055555555555556,100,150,SKJ4.tsv
2,31,161,373,0.19254658385093168,150,200,SKJ4.tsv
2,40,137,360,0.291970802919708,200,250,SKJ4.tsv
2,32,107,238,0.29906542056074764,250,274,SKJ4.tsv
