speaker_number,vo_overlap,vo_total,total_token_number,overlap,begin,end,file
2,24,109,238,0.22018348623853212,0,50,SNQB.tsv
2,47,193,525,0.24352331606217617,50,100,SNQB.tsv
2,56,224,741,0.25,100,150,SNQB.tsv
2,68,267,865,0.2546816479400749,150,200,SNQB.tsv
2,58,307,1032,0.18892508143322476,200,250,SNQB.tsv
2,50,237,628,0.2109704641350211,250,300,SNQB.tsv
2,36,129,339,0.27906976744186046,300,350,SNQB.tsv
2,10,54,80,0.18518518518518517,350,363,SNQB.tsv
