speaker_number,vo_overlap,vo_total,total_token_number,overlap,begin,end,file
2,47,161,369,0.2919254658385093,0,50,SQEF.tsv
2,34,149,305,0.22818791946308725,50,100,SQEF.tsv
2,45,177,429,0.2542372881355932,100,150,SQEF.tsv
2,43,164,407,0.2621951219512195,150,200,SQEF.tsv
2,35,114,283,0.30701754385964913,200,245,SQEF.tsv
