speaker_number,vo_overlap,vo_total,total_token_number,overlap,begin,end,file
2,39,187,469,0.20855614973262032,0,50,SRRS.tsv
2,55,183,532,0.3005464480874317,50,100,SRRS.tsv
2,41,169,397,0.24260355029585798,100,150,SRRS.tsv
2,43,170,413,0.2529411764705882,150,200,SRRS.tsv
2,44,149,340,0.2953020134228188,200,250,SRRS.tsv
2,41,176,513,0.23295454545454544,250,300,SRRS.tsv
2,63,226,715,0.27876106194690264,300,350,SRRS.tsv
2,35,184,566,0.19021739130434784,350,400,SRRS.tsv
2,37,147,393,0.25170068027210885,400,425,SRRS.tsv
