speaker_number,vo_overlap,vo_total,total_token_number,overlap,begin,end,file
2,45,170,332,0.2647058823529412,0,50,SRVD.tsv
2,37,150,300,0.24666666666666667,50,100,SRVD.tsv
2,29,126,236,0.23015873015873015,100,150,SRVD.tsv
2,37,172,349,0.21511627906976744,150,200,SRVD.tsv
2,51,192,495,0.265625,200,250,SRVD.tsv
2,42,164,361,0.25609756097560976,250,300,SRVD.tsv
2,24,125,212,0.192,300,334,SRVD.tsv
