speaker_number,vo_overlap,vo_total,total_token_number,overlap,begin,end,file
2,60,171,542,0.3508771929824561,0,50,SVCS.tsv
2,56,197,595,0.28426395939086296,50,100,SVCS.tsv
2,76,214,775,0.35514018691588783,100,150,SVCS.tsv
2,60,265,794,0.22641509433962265,150,200,SVCS.tsv
2,63,203,612,0.3103448275862069,200,250,SVCS.tsv
2,63,255,836,0.24705882352941178,250,300,SVCS.tsv
2,67,314,1159,0.21337579617834396,300,350,SVCS.tsv
2,40,238,631,0.16806722689075632,350,386,SVCS.tsv
