speaker_number,vo_overlap,vo_total,total_token_number,overlap,begin,end,file
2,40,177,442,0.22598870056497175,0,50,SXAN.tsv
2,43,172,420,0.25,50,100,SXAN.tsv
2,39,163,397,0.2392638036809816,100,150,SXAN.tsv
2,42,168,410,0.25,150,200,SXAN.tsv
2,36,179,415,0.2011173184357542,200,250,SXAN.tsv
2,23,147,332,0.1564625850340136,250,300,SXAN.tsv
2,30,151,331,0.1986754966887417,300,350,SXAN.tsv
2,34,134,274,0.2537313432835821,350,400,SXAN.tsv
2,16,67,123,0.23880597014925373,400,416,SXAN.tsv
