speaker_number,vo_overlap,vo_total,total_token_number,overlap,begin,end,file
2,38,156,381,0.24358974358974358,0,50,SXXN.tsv
2,37,145,433,0.25517241379310346,50,100,SXXN.tsv
2,35,164,401,0.21341463414634146,100,150,SXXN.tsv
2,49,150,407,0.32666666666666666,150,200,SXXN.tsv
2,45,147,368,0.30612244897959184,200,250,SXXN.tsv
2,46,140,311,0.32857142857142857,250,300,SXXN.tsv
2,47,176,416,0.26704545454545453,300,350,SXXN.tsv
2,37,171,509,0.21637426900584794,350,400,SXXN.tsv
2,31,109,231,0.28440366972477066,400,433,SXXN.tsv
