speaker_number,vo_overlap,vo_total,total_token_number,overlap,begin,end,file
2,39,147,363,0.2653061224489796,0,50,SZAZ.tsv
2,38,187,462,0.20320855614973263,50,100,SZAZ.tsv
2,39,170,410,0.22941176470588234,100,150,SZAZ.tsv
2,54,204,607,0.2647058823529412,150,200,SZAZ.tsv
2,68,221,579,0.3076923076923077,200,250,SZAZ.tsv
2,16,104,195,0.15384615384615385,250,263,SZAZ.tsv
