speaker_number,vo_overlap,vo_total,total_token_number,overlap,begin,end,file
2,73,245,675,0.2979591836734694,0,50,SZJ5.tsv
2,112,391,1256,0.2864450127877238,50,100,SZJ5.tsv
2,63,321,959,0.19626168224299065,100,150,SZJ5.tsv
2,73,335,1042,0.21791044776119403,150,200,SZJ5.tsv
2,75,260,787,0.28846153846153844,200,250,SZJ5.tsv
2,1,36,41,0.027777777777777776,250,252,SZJ5.tsv
