speaker_number,vo_overlap,vo_total,total_token_number,overlap,begin,end,file
2,58,183,454,0.31693989071038253,0,50,SZYV.tsv
2,50,170,500,0.29411764705882354,50,100,SZYV.tsv
2,54,184,613,0.29347826086956524,100,150,SZYV.tsv
2,59,190,645,0.3105263157894737,150,200,SZYV.tsv
2,68,208,648,0.3269230769230769,200,250,SZYV.tsv
2,71,210,736,0.3380952380952381,250,300,SZYV.tsv
2,11,49,82,0.22448979591836735,300,305,SZYV.tsv
