speaker1,speaker1_token_number,speaker1_expression_token_number,speaker1_expression_number,speaker1_er_ratio,speaker2,speaker2_token_number,speaker2_expression_token_number,speaker2_expression_number,speaker2_er_ratio,speaker3,speaker3_token_number,speaker3_expression_token_number,speaker3_expression_number,speaker3_er_ratio,speaker4,speaker4_token_number,speaker4_expression_token_number,speaker4_expression_number,speaker4_er_ratio,total_token_number,total_er_token_number,av_er_ratio,total_er_number,begin,end,file
S0688,101,8,5,0.07920792079207921,S0689,22,10,10,0.45454545454545453,S0687,130,26,16,0.2,S0690,8,0,0,0.0,261,44,0.1685823754789272,31,0,50,S5J8.tsv
S0688,104,25,20,0.2403846153846154,S0689,56,36,29,0.6428571428571429,S0687,58,17,13,0.29310344827586204,S0690,0,0,0,0.0,218,78,0.3577981651376147,62,50,100,S5J8.tsv
S0688,91,39,25,0.42857142857142855,S0689,63,43,33,0.6825396825396826,S0687,67,32,22,0.47761194029850745,S0690,0,0,0,0.0,221,114,0.5158371040723982,80,100,150,S5J8.tsv
S0688,71,18,12,0.2535211267605634,S0689,116,79,56,0.6810344827586207,S0687,117,48,38,0.41025641025641024,S0690,0,0,0,0.0,304,145,0.4769736842105263,106,150,200,S5J8.tsv
S0688,86,36,24,0.4186046511627907,S0689,124,35,25,0.28225806451612906,S0687,133,41,27,0.3082706766917293,S0690,0,0,0,0.0,343,112,0.32653061224489793,76,200,250,S5J8.tsv
S0688,105,54,32,0.5142857142857142,S0689,82,34,23,0.4146341463414634,S0687,156,65,43,0.4166666666666667,S0690,1,0,0,0.0,344,153,0.44476744186046513,98,250,300,S5J8.tsv
S0688,84,29,19,0.34523809523809523,S0689,124,49,35,0.3951612903225806,S0687,131,58,38,0.44274809160305345,S0690,8,2,2,0.25,347,138,0.3976945244956772,94,300,350,S5J8.tsv
S0688,53,24,15,0.4528301886792453,S0689,81,46,31,0.5679012345679012,S0687,152,70,41,0.4605263157894737,S0690,5,1,1,0.2,291,141,0.4845360824742268,88,350,400,S5J8.tsv
S0688,61,22,14,0.36065573770491804,S0689,225,118,69,0.5244444444444445,S0687,184,113,74,0.6141304347826086,S0690,0,0,0,0.0,470,253,0.5382978723404256,157,400,444,S5J8.tsv
