speaker1,speaker1_token_number,speaker1_expression_token_number,speaker1_expression_number,speaker1_er_ratio,speaker2,speaker2_token_number,speaker2_expression_token_number,speaker2_expression_number,speaker2_er_ratio,speaker3,speaker3_token_number,speaker3_expression_token_number,speaker3_expression_number,speaker3_er_ratio,speaker4,speaker4_token_number,speaker4_expression_token_number,speaker4_expression_number,speaker4_er_ratio,total_token_number,total_er_token_number,av_er_ratio,total_er_number,begin,end,file
S0003,170,33,19,0.19411764705882353,S0130,271,81,44,0.2988929889298893,S0113,55,11,4,0.2,S0159,79,14,7,0.17721518987341772,575,139,0.2417391304347826,74,0,50,S7DT.tsv
S0003,277,113,80,0.40794223826714804,S0130,263,84,54,0.3193916349809886,S0113,17,5,4,0.29411764705882354,S0159,60,30,23,0.5,617,232,0.3760129659643436,161,50,100,S7DT.tsv
S0003,163,77,54,0.4723926380368098,S0130,136,56,37,0.4117647058823529,S0113,81,32,24,0.3950617283950617,S0159,40,17,13,0.425,420,182,0.43333333333333335,128,100,150,S7DT.tsv
S0003,113,65,43,0.5752212389380531,S0130,91,50,28,0.5494505494505495,S0113,111,62,35,0.5585585585585585,S0159,54,33,20,0.6111111111111112,369,210,0.5691056910569106,126,150,200,S7DT.tsv
S0003,219,128,76,0.5844748858447488,S0130,313,185,113,0.5910543130990416,S0113,69,33,22,0.4782608695652174,S0159,17,12,6,0.7058823529411765,618,358,0.5792880258899676,217,200,250,S7DT.tsv
S0003,117,75,48,0.6410256410256411,S0130,151,88,58,0.5827814569536424,S0113,105,60,39,0.5714285714285714,S0159,53,41,25,0.7735849056603774,426,264,0.6197183098591549,170,250,300,S7DT.tsv
S0003,241,141,90,0.5850622406639004,S0130,161,113,74,0.7018633540372671,S0113,83,49,30,0.5903614457831325,S0159,67,47,29,0.7014925373134329,552,350,0.6340579710144928,223,300,350,S7DT.tsv
S0003,286,176,108,0.6153846153846154,S0130,184,120,77,0.6521739130434783,S0113,71,43,30,0.6056338028169014,S0159,60,35,24,0.5833333333333334,601,374,0.6222961730449251,239,350,400,S7DT.tsv
S0003,118,59,39,0.5,S0130,199,112,74,0.5628140703517588,S0113,86,54,31,0.627906976744186,S0159,19,12,7,0.631578947368421,422,237,0.5616113744075829,151,400,436,S7DT.tsv
