speaker1,speaker1_token_number,speaker1_expression_token_number,speaker1_expression_number,speaker1_er_ratio,speaker2,speaker2_token_number,speaker2_expression_token_number,speaker2_expression_number,speaker2_er_ratio,speaker3,speaker3_token_number,speaker3_expression_token_number,speaker3_expression_number,speaker3_er_ratio,speaker4,speaker4_token_number,speaker4_expression_token_number,speaker4_expression_number,speaker4_er_ratio,total_token_number,total_er_token_number,av_er_ratio,total_er_number,begin,end,file
S0652,21,4,3,0.19047619047619047,S0655,103,9,6,0.08737864077669903,S0653,187,19,9,0.10160427807486631,S0654,97,5,2,0.05154639175257732,408,37,0.09068627450980392,20,0,50,SP45.tsv
S0652,141,43,28,0.3049645390070922,S0655,21,7,7,0.3333333333333333,S0653,167,47,31,0.281437125748503,S0654,15,5,3,0.3333333333333333,344,102,0.29651162790697677,69,50,100,SP45.tsv
S0652,358,134,81,0.3743016759776536,S0655,123,61,37,0.4959349593495935,S0653,271,103,64,0.3800738007380074,S0654,23,13,6,0.5652173913043478,775,311,0.4012903225806452,188,100,150,SP45.tsv
S0652,100,51,32,0.51,S0655,49,26,13,0.5306122448979592,S0653,349,127,81,0.3638968481375358,S0654,43,30,16,0.6976744186046512,541,234,0.43253234750462105,142,150,200,SP45.tsv
S0652,51,30,18,0.5882352941176471,S0655,41,22,15,0.5365853658536586,S0653,76,36,27,0.47368421052631576,S0654,38,17,12,0.4473684210526316,206,105,0.5097087378640777,72,200,233,SP45.tsv
