speaker1,speaker1_token_number,speaker1_expression_token_number,speaker1_expression_number,speaker1_er_ratio,speaker2,speaker2_token_number,speaker2_expression_token_number,speaker2_expression_number,speaker2_er_ratio,speaker3,speaker3_token_number,speaker3_expression_token_number,speaker3_expression_number,speaker3_er_ratio,total_token_number,total_er_token_number,av_er_ratio,total_er_number,begin,end,file
S0198,497,23,19,0.04627766599597585,S0230,96,24,17,0.25,S0229,0,0,0,0.0,593,47,0.07925801011804384,36,0,50,S4KE.tsv
S0198,371,43,32,0.11590296495956873,S0230,101,16,13,0.15841584158415842,S0229,73,15,13,0.2054794520547945,545,74,0.13577981651376148,58,50,100,S4KE.tsv
S0198,175,25,20,0.14285714285714285,S0230,136,20,17,0.14705882352941177,S0229,60,22,15,0.36666666666666664,371,67,0.18059299191374664,52,100,150,S4KE.tsv
S0198,194,17,12,0.08762886597938144,S0230,50,16,9,0.32,S0229,83,19,14,0.2289156626506024,327,52,0.15902140672782875,35,150,200,S4KE.tsv
S0198,113,15,14,0.13274336283185842,S0230,32,8,5,0.25,S0229,66,7,4,0.10606060606060606,211,30,0.14218009478672985,23,200,231,S4KE.tsv
