speaker1,speaker1_token_number,speaker1_expression_token_number,speaker1_expression_number,speaker1_er_ratio,speaker2,speaker2_token_number,speaker2_expression_token_number,speaker2_expression_number,speaker2_er_ratio,speaker3,speaker3_token_number,speaker3_expression_token_number,speaker3_expression_number,speaker3_er_ratio,total_token_number,total_er_token_number,av_er_ratio,total_er_number,begin,end,file
S0202,186,48,32,0.25806451612903225,S0208,127,40,24,0.31496062992125984,S0216,124,24,21,0.1935483870967742,437,112,0.2562929061784897,77,0,50,S69G.tsv
S0202,156,31,24,0.1987179487179487,S0208,52,13,8,0.25,S0216,168,38,29,0.2261904761904762,376,82,0.21808510638297873,61,50,100,S69G.tsv
S0202,123,34,23,0.2764227642276423,S0208,187,16,11,0.0855614973262032,S0216,47,13,9,0.2765957446808511,357,63,0.17647058823529413,43,100,150,S69G.tsv
S0202,117,20,12,0.17094017094017094,S0208,20,2,2,0.1,S0216,204,49,27,0.24019607843137256,341,71,0.20821114369501467,41,150,188,S69G.tsv
