speaker1,speaker1_token_number,speaker1_expression_token_number,speaker1_expression_number,speaker1_er_ratio,speaker2,speaker2_token_number,speaker2_expression_token_number,speaker2_expression_number,speaker2_er_ratio,speaker3,speaker3_token_number,speaker3_expression_token_number,speaker3_expression_number,speaker3_er_ratio,total_token_number,total_er_token_number,av_er_ratio,total_er_number,begin,end,file
S0167,169,32,19,0.1893491124260355,S0110,113,36,23,0.3185840707964602,S0104,110,20,12,0.18181818181818182,392,88,0.22448979591836735,54,0,50,S79Y.tsv
S0167,179,36,26,0.2011173184357542,S0110,121,32,19,0.2644628099173554,S0104,188,52,32,0.2765957446808511,488,120,0.2459016393442623,77,50,100,S79Y.tsv
S0167,313,41,30,0.13099041533546327,S0110,0,0,0,0.0,S0104,225,30,22,0.13333333333333333,538,71,0.13197026022304834,52,100,150,S79Y.tsv
S0167,416,42,28,0.10096153846153846,S0110,0,0,0,0.0,S0104,106,26,20,0.24528301886792453,522,68,0.13026819923371646,48,150,200,S79Y.tsv
S0167,294,35,23,0.11904761904761904,S0110,2,0,0,0.0,S0104,258,44,30,0.17054263565891473,554,79,0.14259927797833935,53,200,250,S79Y.tsv
S0167,160,51,32,0.31875,S0110,27,7,5,0.25925925925925924,S0104,341,57,40,0.16715542521994134,528,115,0.2178030303030303,77,250,300,S79Y.tsv
S0167,37,1,1,0.02702702702702703,S0110,0,0,0,0.0,S0104,35,0,0,0.0,72,1,0.013888888888888888,1,300,311,S79Y.tsv
