speaker1,speaker1_token_number,speaker1_expression_token_number,speaker1_expression_number,speaker1_er_ratio,speaker2,speaker2_token_number,speaker2_expression_token_number,speaker2_expression_number,speaker2_er_ratio,speaker3,speaker3_token_number,speaker3_expression_token_number,speaker3_expression_number,speaker3_er_ratio,total_token_number,total_er_token_number,av_er_ratio,total_er_number,begin,end,file
S0390,248,42,30,0.1693548387096774,S0391,15,2,2,0.13333333333333333,S0392,179,39,35,0.21787709497206703,442,83,0.18778280542986425,67,0,50,SBZW.tsv
S0390,182,54,35,0.2967032967032967,S0391,0,0,0,0.0,S0392,310,36,28,0.11612903225806452,492,90,0.18292682926829268,63,50,100,SBZW.tsv
S0390,181,21,11,0.11602209944751381,S0391,0,0,0,0.0,S0392,196,32,25,0.16326530612244897,377,53,0.14058355437665782,36,100,150,SBZW.tsv
S0390,174,31,21,0.1781609195402299,S0391,23,0,0,0.0,S0392,267,32,25,0.1198501872659176,464,63,0.13577586206896552,46,150,200,SBZW.tsv
S0390,124,19,16,0.1532258064516129,S0391,147,22,19,0.14965986394557823,S0392,105,22,16,0.20952380952380953,376,63,0.1675531914893617,51,200,250,SBZW.tsv
S0390,29,0,0,0.0,S0391,0,0,0,0.0,S0392,4,0,0,0.0,33,0,0.0,0,250,254,SBZW.tsv
