speaker1,speaker1_token_number,speaker1_expression_token_number,speaker1_expression_number,speaker1_er_ratio,speaker2,speaker2_token_number,speaker2_expression_token_number,speaker2_expression_number,speaker2_er_ratio,speaker3,speaker3_token_number,speaker3_expression_token_number,speaker3_expression_number,speaker3_er_ratio,total_token_number,total_er_token_number,av_er_ratio,total_er_number,begin,end,file
S0329,114,35,24,0.30701754385964913,S0352,226,28,28,0.12389380530973451,S0326,63,12,9,0.19047619047619047,403,75,0.18610421836228289,61,0,50,SDAA.tsv
S0329,111,26,21,0.23423423423423423,S0352,197,31,20,0.15736040609137056,S0326,96,11,7,0.11458333333333333,404,68,0.16831683168316833,48,50,100,SDAA.tsv
S0329,109,7,6,0.06422018348623854,S0352,135,26,19,0.1925925925925926,S0326,135,29,21,0.21481481481481482,379,62,0.16358839050131926,46,100,150,SDAA.tsv
S0329,199,45,36,0.22613065326633167,S0352,207,37,23,0.178743961352657,S0326,97,28,20,0.28865979381443296,503,110,0.21868787276341947,79,150,200,SDAA.tsv
S0329,153,30,19,0.19607843137254902,S0352,102,12,11,0.11764705882352941,S0326,103,17,11,0.1650485436893204,358,59,0.164804469273743,41,200,250,SDAA.tsv
S0329,58,14,7,0.2413793103448276,S0352,6,0,0,0.0,S0326,156,10,6,0.0641025641025641,220,24,0.10909090909090909,13,250,272,SDAA.tsv
