speaker1,speaker1_token_number,speaker1_expression_token_number,speaker1_expression_number,speaker1_er_ratio,speaker2,speaker2_token_number,speaker2_expression_token_number,speaker2_expression_number,speaker2_er_ratio,speaker3,speaker3_token_number,speaker3_expression_token_number,speaker3_expression_number,speaker3_er_ratio,total_token_number,total_er_token_number,av_er_ratio,total_er_number,begin,end,file
S0653,245,48,29,0.19591836734693877,S0655,127,23,14,0.18110236220472442,S0654,46,10,7,0.21739130434782608,418,81,0.1937799043062201,50,0,50,SP5V.tsv
S0653,432,51,35,0.11805555555555555,S0655,91,24,19,0.26373626373626374,S0654,20,4,3,0.2,543,79,0.14548802946593,57,50,100,SP5V.tsv
S0653,286,49,31,0.17132867132867133,S0655,110,28,19,0.2545454545454545,S0654,94,12,8,0.1276595744680851,490,89,0.1816326530612245,58,100,150,SP5V.tsv
S0653,283,46,28,0.1625441696113074,S0655,235,54,44,0.2297872340425532,S0654,50,20,14,0.4,568,120,0.2112676056338028,86,150,197,SP5V.tsv
