speaker1,speaker1_token_number,speaker1_expression_token_number,speaker1_expression_number,speaker1_er_ratio,speaker2,speaker2_token_number,speaker2_expression_token_number,speaker2_expression_number,speaker2_er_ratio,speaker3,speaker3_token_number,speaker3_expression_token_number,speaker3_expression_number,speaker3_er_ratio,total_token_number,total_er_token_number,av_er_ratio,total_er_number,begin,end,file
S0266,88,19,12,0.2159090909090909,S0310,1169,76,52,0.06501283147989735,S0267,87,35,27,0.40229885057471265,1344,130,0.09672619047619048,91,0,50,SVLK.tsv
S0266,325,93,64,0.28615384615384615,S0310,431,64,42,0.14849187935034802,S0267,122,25,15,0.20491803278688525,878,182,0.2072892938496583,121,50,100,SVLK.tsv
S0266,224,22,19,0.09821428571428571,S0310,858,184,123,0.21445221445221446,S0267,15,5,4,0.3333333333333333,1097,211,0.19234275296262535,146,100,150,SVLK.tsv
S0266,95,40,26,0.42105263157894735,S0310,910,111,87,0.12197802197802197,S0267,93,17,10,0.1827956989247312,1098,168,0.15300546448087432,123,150,200,SVLK.tsv
S0266,119,30,19,0.25210084033613445,S0310,575,19,11,0.03304347826086956,S0267,127,51,34,0.4015748031496063,821,100,0.1218026796589525,64,200,250,SVLK.tsv
S0266,96,9,5,0.09375,S0310,473,39,27,0.0824524312896406,S0267,78,21,15,0.2692307692307692,647,69,0.10664605873261206,47,250,300,SVLK.tsv
S0266,55,2,2,0.03636363636363636,S0310,210,22,16,0.10476190476190476,S0267,98,18,11,0.1836734693877551,363,42,0.11570247933884298,29,300,336,SVLK.tsv
