speaker1,speaker1_token_number,speaker1_expression_token_number,speaker1_expression_number,speaker1_er_ratio,speaker2,speaker2_token_number,speaker2_expression_token_number,speaker2_expression_number,speaker2_er_ratio,speaker3,speaker3_token_number,speaker3_expression_token_number,speaker3_expression_number,speaker3_er_ratio,total_token_number,total_er_token_number,av_er_ratio,total_er_number,begin,end,file
S0328,45,16,11,0.35555555555555557,S0330,465,35,25,0.07526881720430108,S0326,20,4,2,0.2,530,55,0.10377358490566038,38,0,50,SYA7.tsv
S0328,58,21,16,0.3620689655172414,S0330,627,88,79,0.14035087719298245,S0326,64,16,14,0.25,749,125,0.16688918558077437,109,50,100,SYA7.tsv
S0328,49,16,16,0.32653061224489793,S0330,390,24,18,0.06153846153846154,S0326,34,4,4,0.11764705882352941,473,44,0.09302325581395349,38,100,150,SYA7.tsv
S0328,38,6,5,0.15789473684210525,S0330,380,30,25,0.07894736842105263,S0326,86,27,21,0.313953488372093,504,63,0.125,51,150,200,SYA7.tsv
S0328,169,53,39,0.3136094674556213,S0330,183,28,25,0.15300546448087432,S0326,43,2,1,0.046511627906976744,395,83,0.21012658227848102,65,200,250,SYA7.tsv
S0328,373,30,28,0.08042895442359249,S0330,83,24,16,0.2891566265060241,S0326,13,6,6,0.46153846153846156,469,60,0.1279317697228145,50,250,300,SYA7.tsv
S0328,61,6,3,0.09836065573770492,S0330,119,13,7,0.1092436974789916,S0326,68,18,10,0.2647058823529412,248,37,0.14919354838709678,20,300,344,SYA7.tsv
