speaker1,speaker1_token_number,speaker1_expression_token_number,speaker1_expression_number,speaker1_er_ratio,speaker2,speaker2_token_number,speaker2_expression_token_number,speaker2_expression_number,speaker2_er_ratio,speaker3,speaker3_token_number,speaker3_expression_token_number,speaker3_expression_number,speaker3_er_ratio,total_token_number,total_er_token_number,av_er_ratio,total_er_number,begin,end,file
S0417,115,12,10,0.10434782608695652,S0418,36,2,1,0.05555555555555555,S0416,34,5,4,0.14705882352941177,185,19,0.10270270270270271,15,0,50,SYTL.tsv
S0417,108,11,9,0.10185185185185185,S0418,29,4,4,0.13793103448275862,S0416,73,25,17,0.3424657534246575,210,40,0.19047619047619047,30,50,100,SYTL.tsv
S0417,136,19,16,0.13970588235294118,S0418,24,4,2,0.16666666666666666,S0416,58,8,6,0.13793103448275862,218,31,0.14220183486238533,24,100,150,SYTL.tsv
S0417,162,25,17,0.15432098765432098,S0418,25,7,4,0.28,S0416,87,19,12,0.21839080459770116,274,51,0.18613138686131386,33,150,200,SYTL.tsv
S0417,213,16,13,0.07511737089201878,S0418,15,0,0,0.0,S0416,65,9,9,0.13846153846153847,293,25,0.08532423208191127,22,200,250,SYTL.tsv
S0417,199,49,37,0.24623115577889448,S0418,1,0,0,0.0,S0416,181,35,27,0.19337016574585636,381,84,0.2204724409448819,64,250,300,SYTL.tsv
S0417,300,66,46,0.22,S0418,0,0,0,0.0,S0416,207,38,33,0.18357487922705315,507,104,0.20512820512820512,79,300,350,SYTL.tsv
S0417,259,15,11,0.05791505791505792,S0418,15,2,2,0.13333333333333333,S0416,63,13,9,0.20634920634920634,337,30,0.08902077151335312,22,350,400,SYTL.tsv
S0417,50,7,7,0.14,S0418,22,3,3,0.13636363636363635,S0416,89,8,7,0.0898876404494382,161,18,0.11180124223602485,17,400,428,SYTL.tsv
