speaker_number,vo_overlap,vo_total,total_token_number,overlap,s1_and_other,s2_and_other,s3_and_other,begin,end,file
3,36,161,577,0.07453416149068323,16,18,2,0,50,S2JV.tsv
3,85,246,939,0.11517615176151762,30,39,16,0,100,S2JV.tsv
3,157,355,1535,0.14741784037558686,55,58,44,0,150,S2JV.tsv
3,210,412,1934,0.16990291262135923,77,65,68,0,200,S2JV.tsv
3,257,458,2396,0.18704512372634644,89,82,86,0,250,S2JV.tsv
3,302,493,2720,0.2041920216362407,111,91,100,0,300,S2JV.tsv
3,333,537,3170,0.20670391061452514,124,94,115,0,350,S2JV.tsv
3,380,578,3758,0.21914648212226068,139,106,135,0,400,S2JV.tsv
3,388,590,3859,0.2192090395480226,143,109,136,0,410,S2JV.tsv
