speaker_number,vo_overlap,vo_total,total_token_number,overlap,s1_and_other,s2_and_other,s3_and_other,begin,end,file
3,30,122,326,0.08196721311475409,11,8,11,0,50,S49H.tsv
3,81,183,624,0.14754098360655737,29,26,26,0,100,S49H.tsv
3,147,259,1082,0.1891891891891892,57,47,43,0,150,S49H.tsv
3,191,330,1452,0.19292929292929292,70,63,58,0,200,S49H.tsv
3,201,341,1520,0.19648093841642228,74,67,60,0,207,S49H.tsv
