speaker_number,vo_overlap,vo_total,total_token_number,overlap,s1_and_other,s2_and_other,s3_and_other,begin,end,file
3,37,126,321,0.09788359788359788,17,5,15,0,50,S7WR.tsv
3,98,254,904,0.12860892388451445,44,14,40,0,100,S7WR.tsv
3,140,308,1282,0.15151515151515152,54,32,54,0,150,S7WR.tsv
3,220,426,1859,0.17214397496087636,73,69,78,0,200,S7WR.tsv
3,255,468,2118,0.18162393162393162,85,81,89,0,245,S7WR.tsv
