speaker_number,vo_overlap,vo_total,total_token_number,overlap,s1_and_other,s2_and_other,s3_and_other,begin,end,file
3,52,144,403,0.12037037037037036,18,22,12,0,50,SDAA.tsv
3,108,239,807,0.1506276150627615,36,42,30,0,100,SDAA.tsv
3,157,296,1186,0.1768018018018018,45,61,51,0,150,SDAA.tsv
3,208,349,1689,0.19866284622731614,61,75,72,0,200,SDAA.tsv
3,255,394,2047,0.21573604060913706,78,95,82,0,250,SDAA.tsv
3,279,427,2267,0.21779859484777517,89,99,91,0,272,SDAA.tsv
