speaker_number,vo_overlap,vo_total,total_token_number,overlap,s1_and_other,s2_and_other,s3_and_other,begin,end,file
3,31,191,516,0.05410122164048865,12,13,6,0,50,SKJ3.tsv
3,72,294,982,0.08163265306122448,30,25,17,0,100,SKJ3.tsv
3,119,361,1406,0.10987996306555864,50,35,34,0,150,SKJ3.tsv
3,160,425,1768,0.12549019607843137,65,44,51,0,200,SKJ3.tsv
3,208,475,2088,0.14596491228070174,84,52,72,0,250,SKJ3.tsv
3,282,527,2555,0.17836812144212524,116,64,102,0,300,SKJ3.tsv
3,331,581,3018,0.18990246701090074,133,80,118,0,350,SKJ3.tsv
3,348,601,3200,0.1930116472545757,141,81,126,0,374,SKJ3.tsv
