speaker_number,vo_overlap,vo_total,total_token_number,overlap,s1_and_other,s2_and_other,s3_and_other,begin,end,file
3,10,172,482,0.01937984496124031,5,0,5,0,50,SKY2.tsv
3,65,228,844,0.09502923976608187,32,3,30,0,100,SKY2.tsv
3,107,288,1191,0.12384259259259259,53,3,51,0,150,SKY2.tsv
3,144,352,1646,0.13636363636363635,68,7,69,0,200,SKY2.tsv
3,144,352,1684,0.13636363636363635,68,7,69,0,209,SKY2.tsv
