speaker1,speaker1_token_number,speaker1_expression_token_number,speaker1_expression_number,speaker1_er_ratio,speaker2,speaker2_token_number,speaker2_expression_token_number,speaker2_expression_number,speaker2_er_ratio,speaker3,speaker3_token_number,speaker3_expression_token_number,speaker3_expression_number,speaker3_er_ratio,total_token_number,total_er_token_number,av_er_ratio,total_er_number,begin,end,file
S0653,308,58,43,0.18831168831168832,S0655,184,24,16,0.13043478260869565,S0654,17,1,1,0.058823529411764705,509,83,0.16306483300589392,60,0,50,S2TC.tsv
S0653,233,62,46,0.26609442060085836,S0655,137,49,33,0.35766423357664234,S0654,27,11,9,0.4074074074074074,397,122,0.30730478589420657,88,50,100,S2TC.tsv
S0653,130,50,31,0.38461538461538464,S0655,84,26,19,0.30952380952380953,S0654,73,37,24,0.5068493150684932,287,113,0.39372822299651566,74,100,150,S2TC.tsv
S0653,298,83,61,0.2785234899328859,S0655,102,47,32,0.46078431372549017,S0654,139,55,39,0.39568345323741005,539,185,0.3432282003710575,132,150,200,S2TC.tsv
S0653,178,72,44,0.4044943820224719,S0655,96,70,34,0.7291666666666666,S0654,141,68,45,0.48226950354609927,415,210,0.5060240963855421,123,200,250,S2TC.tsv
S0653,44,21,13,0.4772727272727273,S0655,51,36,20,0.7058823529411765,S0654,10,4,2,0.4,105,61,0.580952380952381,35,250,270,S2TC.tsv
