speaker1,speaker1_token_number,speaker1_expression_token_number,speaker1_expression_number,speaker1_er_ratio,speaker2,speaker2_token_number,speaker2_expression_token_number,speaker2_expression_number,speaker2_er_ratio,speaker3,speaker3_token_number,speaker3_expression_token_number,speaker3_expression_number,speaker3_er_ratio,total_token_number,total_er_token_number,av_er_ratio,total_er_number,begin,end,file
S0653,183,25,13,0.1366120218579235,S0654,72,4,2,0.05555555555555555,S0655,71,12,8,0.16901408450704225,326,41,0.12576687116564417,23,0,50,S49H.tsv
S0653,146,35,22,0.23972602739726026,S0654,61,14,9,0.22950819672131148,S0655,91,32,21,0.3516483516483517,298,81,0.27181208053691275,52,50,100,S49H.tsv
S0653,213,62,43,0.29107981220657275,S0654,202,65,45,0.3217821782178218,S0655,43,18,15,0.4186046511627907,458,145,0.3165938864628821,103,100,150,S49H.tsv
S0653,151,64,42,0.423841059602649,S0654,152,40,27,0.2631578947368421,S0655,67,26,22,0.3880597014925373,370,130,0.35135135135135137,91,150,200,S49H.tsv
S0653,29,11,7,0.3793103448275862,S0654,39,11,8,0.28205128205128205,S0655,0,0,0,0.0,68,22,0.3235294117647059,15,200,207,S49H.tsv
