speaker1,speaker1_token_number,speaker1_expression_token_number,speaker1_expression_number,speaker1_er_ratio,speaker2,speaker2_token_number,speaker2_expression_token_number,speaker2_expression_number,speaker2_er_ratio,speaker3,speaker3_token_number,speaker3_expression_token_number,speaker3_expression_number,speaker3_er_ratio,total_token_number,total_er_token_number,av_er_ratio,total_er_number,begin,end,file
S0198,497,23,19,0.04627766599597585,S0230,96,24,17,0.25,S0229,0,0,0,0.0,593,47,0.07925801011804384,36,0,50,S4KE.tsv
S0198,371,57,41,0.15363881401617252,S0230,101,32,23,0.31683168316831684,S0229,73,26,20,0.3561643835616438,545,115,0.21100917431192662,84,50,100,S4KE.tsv
S0198,175,56,37,0.32,S0230,136,56,39,0.4117647058823529,S0229,60,36,25,0.6,371,148,0.39892183288409705,101,100,150,S4KE.tsv
S0198,194,49,36,0.25257731958762886,S0230,50,30,17,0.6,S0229,83,37,24,0.4457831325301205,327,116,0.3547400611620795,77,150,200,S4KE.tsv
S0198,113,38,32,0.336283185840708,S0230,32,22,14,0.6875,S0229,66,34,21,0.5151515151515151,211,94,0.44549763033175355,67,200,231,S4KE.tsv
