speaker1,speaker1_token_number,speaker1_expression_token_number,speaker1_expression_number,speaker1_er_ratio,speaker2,speaker2_token_number,speaker2_expression_token_number,speaker2_expression_number,speaker2_er_ratio,speaker3,speaker3_token_number,speaker3_expression_token_number,speaker3_expression_number,speaker3_er_ratio,total_token_number,total_er_token_number,av_er_ratio,total_er_number,begin,end,file
S0653,316,31,26,0.0981012658227848,S0654,95,24,19,0.25263157894736843,S0655,26,6,5,0.23076923076923078,437,61,0.13958810068649885,50,0,50,S5XL.tsv
S0653,141,35,27,0.24822695035460993,S0654,32,17,11,0.53125,S0655,127,40,33,0.31496062992125984,300,92,0.30666666666666664,71,50,100,S5XL.tsv
S0653,93,21,16,0.22580645161290322,S0654,37,11,8,0.2972972972972973,S0655,120,39,30,0.325,250,71,0.284,54,100,150,S5XL.tsv
S0653,125,39,23,0.312,S0654,58,31,22,0.5344827586206896,S0655,92,33,25,0.358695652173913,275,103,0.37454545454545457,70,150,200,S5XL.tsv
S0653,194,85,59,0.4381443298969072,S0654,68,28,22,0.4117647058823529,S0655,144,57,43,0.3958333333333333,406,170,0.4187192118226601,124,200,250,S5XL.tsv
S0653,201,87,48,0.43283582089552236,S0654,38,23,13,0.6052631578947368,S0655,105,48,35,0.45714285714285713,344,158,0.45930232558139533,96,250,300,S5XL.tsv
S0653,210,98,61,0.4666666666666667,S0654,55,29,23,0.5272727272727272,S0655,63,32,22,0.5079365079365079,328,159,0.4847560975609756,106,300,350,S5XL.tsv
S0653,164,72,51,0.43902439024390244,S0654,20,17,13,0.85,S0655,114,57,34,0.5,298,146,0.4899328859060403,98,350,400,S5XL.tsv
S0653,121,49,33,0.4049586776859504,S0654,5,5,2,1.0,S0655,71,36,23,0.5070422535211268,197,90,0.45685279187817257,58,400,424,S5XL.tsv
