speaker1,speaker1_token_number,speaker1_expression_token_number,speaker1_expression_number,speaker1_er_ratio,speaker2,speaker2_token_number,speaker2_expression_token_number,speaker2_expression_number,speaker2_er_ratio,speaker3,speaker3_token_number,speaker3_expression_token_number,speaker3_expression_number,speaker3_er_ratio,total_token_number,total_er_token_number,av_er_ratio,total_er_number,begin,end,file
S0421,81,17,12,0.20987654320987653,S0423,239,35,26,0.14644351464435146,S0422,163,18,15,0.11042944785276074,483,70,0.14492753623188406,53,0,50,SH8K.tsv
S0421,147,72,49,0.4897959183673469,S0423,149,36,25,0.24161073825503357,S0422,81,24,19,0.2962962962962963,377,132,0.35013262599469497,93,50,100,SH8K.tsv
S0421,124,71,47,0.5725806451612904,S0423,214,77,51,0.3598130841121495,S0422,77,26,21,0.33766233766233766,415,174,0.41927710843373495,119,100,150,SH8K.tsv
S0421,97,44,33,0.4536082474226804,S0423,231,83,51,0.3593073593073593,S0422,138,48,31,0.34782608695652173,466,175,0.37553648068669526,115,150,200,SH8K.tsv
S0421,225,129,77,0.5733333333333334,S0423,161,86,57,0.5341614906832298,S0422,25,7,6,0.28,411,222,0.5401459854014599,140,200,250,SH8K.tsv
S0421,196,99,63,0.5051020408163265,S0423,284,140,91,0.49295774647887325,S0422,21,16,12,0.7619047619047619,501,255,0.5089820359281437,166,250,300,SH8K.tsv
S0421,182,107,66,0.5879120879120879,S0423,190,89,61,0.46842105263157896,S0422,19,8,5,0.42105263157894735,391,204,0.5217391304347826,132,300,350,SH8K.tsv
S0421,0,0,0,0.0,S0423,6,3,2,0.5,S0422,6,4,3,0.6666666666666666,12,7,0.5833333333333334,5,350,354,SH8K.tsv
