speaker1,speaker1_token_number,speaker1_expression_token_number,speaker1_expression_number,speaker1_er_ratio,speaker2,speaker2_token_number,speaker2_expression_token_number,speaker2_expression_number,speaker2_er_ratio,speaker3,speaker3_token_number,speaker3_expression_token_number,speaker3_expression_number,speaker3_er_ratio,total_token_number,total_er_token_number,av_er_ratio,total_er_number,begin,end,file
S0653,63,11,6,0.1746031746031746,S0654,171,21,13,0.12280701754385964,S0655,109,32,19,0.29357798165137616,343,64,0.18658892128279883,38,0,50,SNZS.tsv
S0653,103,33,22,0.32038834951456313,S0654,119,39,28,0.3277310924369748,S0655,210,58,38,0.2761904761904762,432,130,0.30092592592592593,88,50,100,SNZS.tsv
S0653,54,10,8,0.18518518518518517,S0654,167,58,33,0.3473053892215569,S0655,124,38,28,0.3064516129032258,345,106,0.3072463768115942,69,100,150,SNZS.tsv
S0653,46,16,9,0.34782608695652173,S0654,236,94,51,0.3983050847457627,S0655,183,75,42,0.4098360655737705,465,185,0.3978494623655914,102,150,200,SNZS.tsv
S0653,116,49,34,0.4224137931034483,S0654,169,80,51,0.47337278106508873,S0655,83,37,21,0.4457831325301205,368,166,0.45108695652173914,106,200,250,SNZS.tsv
S0653,61,30,19,0.4918032786885246,S0654,98,53,30,0.5408163265306123,S0655,64,40,23,0.625,223,123,0.5515695067264574,72,250,279,SNZS.tsv
