speaker1,speaker1_token_number,speaker1_expression_token_number,speaker1_expression_number,speaker1_er_ratio,speaker2,speaker2_token_number,speaker2_expression_token_number,speaker2_expression_number,speaker2_er_ratio,speaker3,speaker3_token_number,speaker3_expression_token_number,speaker3_expression_number,speaker3_er_ratio,total_token_number,total_er_token_number,av_er_ratio,total_er_number,begin,end,file
S0390,591,35,24,0.05922165820642978,S0392,208,63,50,0.30288461538461536,S0391,0,0,0,0.0,799,98,0.12265331664580725,74,0,50,SQ93.tsv
S0390,284,52,36,0.18309859154929578,S0392,488,176,111,0.36065573770491804,S0391,0,0,0,0.0,772,228,0.29533678756476683,147,50,100,SQ93.tsv
S0390,326,142,84,0.43558282208588955,S0392,667,280,187,0.4197901049475262,S0391,0,0,0,0.0,993,422,0.42497482376636453,271,100,150,SQ93.tsv
S0390,215,98,61,0.4558139534883721,S0392,230,118,70,0.5130434782608696,S0391,77,37,28,0.4805194805194805,522,253,0.4846743295019157,159,150,200,SQ93.tsv
S0390,143,92,57,0.6433566433566433,S0392,467,213,146,0.45610278372591007,S0391,0,0,0,0.0,610,305,0.5,203,200,250,SQ93.tsv
S0390,364,213,137,0.5851648351648352,S0392,519,278,180,0.535645472061657,S0391,0,0,0,0.0,883,491,0.5560588901472253,317,250,300,SQ93.tsv
S0390,260,153,87,0.5884615384615385,S0392,379,207,141,0.5461741424802111,S0391,0,0,0,0.0,639,360,0.5633802816901409,228,300,350,SQ93.tsv
S0390,302,181,114,0.5993377483443708,S0392,763,409,268,0.5360419397116645,S0391,0,0,0,0.0,1065,590,0.5539906103286385,382,350,399,SQ93.tsv
