speaker1,speaker1_token_number,speaker1_expression_token_number,speaker1_expression_number,speaker1_er_ratio,speaker2,speaker2_token_number,speaker2_expression_token_number,speaker2_expression_number,speaker2_er_ratio,speaker3,speaker3_token_number,speaker3_expression_token_number,speaker3_expression_number,speaker3_er_ratio,total_token_number,total_er_token_number,av_er_ratio,total_er_number,begin,end,file
S0654,333,26,15,0.07807807807807808,S0653,154,45,22,0.2922077922077922,S0655,0,0,0,0.0,487,71,0.1457905544147844,37,0,50,SR3P.tsv
S0654,253,43,29,0.16996047430830039,S0653,368,101,58,0.27445652173913043,S0655,63,23,14,0.36507936507936506,684,167,0.24415204678362573,101,50,100,SR3P.tsv
S0654,112,68,45,0.6071428571428571,S0653,577,198,125,0.3431542461005199,S0655,83,42,24,0.5060240963855421,772,308,0.39896373056994816,194,100,150,SR3P.tsv
S0654,146,64,42,0.4383561643835616,S0653,353,139,93,0.3937677053824363,S0655,138,68,43,0.4927536231884058,637,271,0.42543171114599687,178,150,200,SR3P.tsv
S0654,75,34,19,0.4533333333333333,S0653,196,97,66,0.49489795918367346,S0655,127,80,49,0.6299212598425197,398,211,0.5301507537688442,134,200,250,SR3P.tsv
S0654,80,40,27,0.5,S0653,188,91,63,0.48404255319148937,S0655,39,21,13,0.5384615384615384,307,152,0.495114006514658,103,250,292,SR3P.tsv
