speaker1,speaker1_token_number,speaker1_expression_token_number,speaker1_expression_number,speaker1_er_ratio,speaker2,speaker2_token_number,speaker2_expression_token_number,speaker2_expression_number,speaker2_er_ratio,speaker3,speaker3_token_number,speaker3_expression_token_number,speaker3_expression_number,speaker3_er_ratio,total_token_number,total_er_token_number,av_er_ratio,total_er_number,begin,end,file
S0567,193,13,11,0.06735751295336788,S0621,92,15,10,0.16304347826086957,S0622,61,28,10,0.45901639344262296,346,56,0.16184971098265896,31,0,50,SUC7.tsv
S0567,168,54,35,0.32142857142857145,S0621,92,38,23,0.41304347826086957,S0622,84,30,23,0.35714285714285715,344,122,0.3546511627906977,81,50,100,SUC7.tsv
S0567,139,38,26,0.2733812949640288,S0621,38,9,7,0.23684210526315788,S0622,117,38,28,0.3247863247863248,294,85,0.2891156462585034,61,100,150,SUC7.tsv
S0567,164,47,39,0.2865853658536585,S0621,40,19,12,0.475,S0622,58,26,17,0.4482758620689655,262,92,0.3511450381679389,68,150,200,SUC7.tsv
S0567,190,72,46,0.37894736842105264,S0621,64,31,18,0.484375,S0622,102,45,31,0.4411764705882353,356,148,0.4157303370786517,95,200,250,SUC7.tsv
S0567,179,76,55,0.4245810055865922,S0621,82,36,23,0.43902439024390244,S0622,95,34,24,0.35789473684210527,356,146,0.4101123595505618,102,250,300,SUC7.tsv
S0567,115,57,38,0.4956521739130435,S0621,91,49,35,0.5384615384615384,S0622,63,31,20,0.49206349206349204,269,137,0.5092936802973977,93,300,341,SUC7.tsv
