speaker1,speaker1_token_number,speaker1_expression_token_number,speaker1_expression_number,speaker1_er_ratio,speaker2,speaker2_token_number,speaker2_expression_token_number,speaker2_expression_number,speaker2_er_ratio,speaker3,speaker3_token_number,speaker3_expression_token_number,speaker3_expression_number,speaker3_er_ratio,total_token_number,total_er_token_number,av_er_ratio,total_er_number,begin,end,file
S0654,122,18,16,0.14754098360655737,S0653,207,22,14,0.10628019323671498,S0655,47,16,8,0.3404255319148936,376,56,0.14893617021276595,38,0,50,SUGV.tsv
S0654,125,33,15,0.264,S0653,218,61,34,0.2798165137614679,S0655,33,23,12,0.696969696969697,376,117,0.31117021276595747,61,50,100,SUGV.tsv
S0654,81,47,27,0.5802469135802469,S0653,143,50,38,0.34965034965034963,S0655,80,42,26,0.525,304,139,0.45723684210526316,91,100,150,SUGV.tsv
S0654,140,61,46,0.4357142857142857,S0653,256,103,65,0.40234375,S0655,92,39,24,0.42391304347826086,488,203,0.41598360655737704,135,150,200,SUGV.tsv
S0654,70,36,24,0.5142857142857142,S0653,450,166,108,0.3688888888888889,S0655,169,101,61,0.5976331360946746,689,303,0.4397677793904209,193,200,250,SUGV.tsv
S0654,75,44,25,0.5866666666666667,S0653,173,64,41,0.3699421965317919,S0655,127,57,40,0.44881889763779526,375,165,0.44,106,250,300,SUGV.tsv
S0654,72,34,23,0.4722222222222222,S0653,222,106,64,0.4774774774774775,S0655,130,69,45,0.5307692307692308,424,209,0.49292452830188677,132,300,350,SUGV.tsv
S0654,31,13,8,0.41935483870967744,S0653,97,37,26,0.38144329896907214,S0655,18,12,7,0.6666666666666666,146,62,0.4246575342465753,41,350,370,SUGV.tsv
