speaker1,speaker1_token_number,speaker1_expression_token_number,speaker1_expression_number,speaker1_er_ratio,speaker2,speaker2_token_number,speaker2_expression_token_number,speaker2_expression_number,speaker2_er_ratio,speaker3,speaker3_token_number,speaker3_expression_token_number,speaker3_expression_number,speaker3_er_ratio,total_token_number,total_er_token_number,av_er_ratio,total_er_number,begin,end,file
S0521,32,1,1,0.03125,S0519,117,15,8,0.1282051282051282,S0520,1112,107,63,0.09622302158273381,1261,123,0.09754163362410785,72,0,50,SWLS.tsv
S0521,3,2,1,0.6666666666666666,S0519,261,106,61,0.4061302681992337,S0520,275,35,23,0.12727272727272726,539,143,0.2653061224489796,85,50,100,SWLS.tsv
S0521,103,56,41,0.5436893203883495,S0519,59,20,12,0.3389830508474576,S0520,207,52,31,0.25120772946859904,369,128,0.34688346883468835,84,100,150,SWLS.tsv
S0521,206,119,72,0.5776699029126213,S0519,67,30,23,0.44776119402985076,S0520,112,35,25,0.3125,385,184,0.4779220779220779,120,150,200,SWLS.tsv
S0521,100,55,37,0.55,S0519,94,44,29,0.46808510638297873,S0520,122,52,35,0.4262295081967213,316,151,0.4778481012658228,101,200,241,SWLS.tsv
