speaker1,speaker1_token_number,speaker1_expression_token_number,speaker1_expression_number,speaker1_er_ratio,speaker2,speaker2_token_number,speaker2_expression_token_number,speaker2_expression_number,speaker2_er_ratio,speaker3,speaker3_token_number,speaker3_expression_token_number,speaker3_expression_number,speaker3_er_ratio,total_token_number,total_er_token_number,av_er_ratio,total_er_number,begin,end,file
S0417,115,12,10,0.10434782608695652,S0418,36,2,1,0.05555555555555555,S0416,34,5,4,0.14705882352941177,185,19,0.10270270270270271,15,0,50,SYTL.tsv
S0417,108,17,14,0.1574074074074074,S0418,29,4,4,0.13793103448275862,S0416,73,27,18,0.3698630136986301,210,48,0.22857142857142856,36,50,100,SYTL.tsv
S0417,136,37,25,0.27205882352941174,S0418,24,4,3,0.16666666666666666,S0416,58,23,16,0.39655172413793105,218,64,0.29357798165137616,44,100,150,SYTL.tsv
S0417,162,52,35,0.32098765432098764,S0418,25,7,4,0.28,S0416,87,26,18,0.2988505747126437,274,85,0.3102189781021898,57,150,200,SYTL.tsv
S0417,213,59,44,0.27699530516431925,S0418,15,13,8,0.8666666666666667,S0416,65,27,21,0.4153846153846154,293,99,0.3378839590443686,73,200,250,SYTL.tsv
S0417,199,76,56,0.38190954773869346,S0418,1,0,0,0.0,S0416,181,68,48,0.3756906077348066,381,144,0.3779527559055118,104,250,300,SYTL.tsv
S0417,300,115,81,0.38333333333333336,S0418,0,0,0,0.0,S0416,207,100,67,0.4830917874396135,507,215,0.4240631163708087,148,300,350,SYTL.tsv
S0417,259,72,56,0.277992277992278,S0418,15,10,7,0.6666666666666666,S0416,63,29,17,0.4603174603174603,337,111,0.3293768545994065,80,350,400,SYTL.tsv
S0417,50,22,16,0.44,S0418,22,16,11,0.7272727272727273,S0416,89,36,25,0.4044943820224719,161,74,0.45962732919254656,52,400,428,SYTL.tsv
