begin,end,s1_er_ratio,s2_er_ratio,er_ratio_average,file
0,50,0.34464751958224543,0.5219638242894057,0.43376623376623374,S7SX.tsv
50,100,0.4068047337278107,0.6632124352331606,0.5,S7SX.tsv
100,128,0.20642201834862386,0.5336538461538461,0.36619718309859156,S7SX.tsv
