begin,end,s1_er_ratio,s2_er_ratio,er_ratio_average,file
0,50,0.4444444444444444,0.42857142857142855,0.4339622641509434,SCEL.tsv
50,100,0.5739644970414202,0.2831168831168831,0.37184115523465705,SCEL.tsv
100,150,0.3542168674698795,0.4584837545126354,0.3959537572254335,SCEL.tsv
150,200,0.38016528925619836,0.5219512195121951,0.43133802816901406,SCEL.tsv
200,250,0.45153061224489793,0.42168674698795183,0.44265232974910396,SCEL.tsv
250,300,0.40399002493765584,0.4647887323943662,0.4198895027624309,SCEL.tsv
300,350,0.362962962962963,0.5384615384615384,0.42,SCEL.tsv
350,400,0.4222222222222222,0.49740932642487046,0.4447900466562986,SCEL.tsv
400,430,0.45595854922279794,0.34051724137931033,0.39294117647058824,SCEL.tsv
