begin,end,s1_er_ratio,s2_er_ratio,er_ratio_average,file
0,50,0.5850622406639004,0.32421875,0.4077025232403719,SHSD.tsv
50,100,0.5221932114882507,0.46740858505564387,0.4881422924901186,SHSD.tsv
100,150,0.19708029197080293,0.6545454545454545,0.3690205011389522,SHSD.tsv
150,200,0.4415204678362573,0.42081447963800905,0.433392539964476,SHSD.tsv
200,250,0.47761194029850745,0.3941176470588235,0.4177215189873418,SHSD.tsv
250,300,0.41139240506329117,0.40625,0.4077490774907749,SHSD.tsv
300,350,0.4012345679012346,0.4523076923076923,0.4353182751540041,SHSD.tsv
350,354,0.0,0.0,0.0,SHSD.tsv
