begin,end,s1_er_ratio,s2_er_ratio,er_ratio_average,file
0,50,0.15818181818181817,0.5953757225433526,0.2627939142461964,SN59.tsv
50,100,0.4793103448275862,0.42744063324538256,0.4499252615844544,SN59.tsv
100,150,0.14410480349344978,0.45454545454545453,0.20898100172711573,SN59.tsv
150,200,0.06290672451193059,0.5416666666666666,0.16179001721170397,SN59.tsv
200,250,0.23703703703703705,0.5,0.34080717488789236,SN59.tsv
250,300,0.4769736842105263,0.3360995850622407,0.41467889908256883,SN59.tsv
300,350,0.589242053789731,0.3891891891891892,0.4942233632862644,SN59.tsv
350,399,0.31166347992351817,0.5405405405405406,0.37986577181208053,SN59.tsv
