begin,end,s1_er_ratio,s2_er_ratio,er_ratio_average,file
0,50,0.4233576642335766,0.39862542955326463,0.41061946902654867,SNMA.tsv
50,100,0.1658291457286432,0.48722627737226276,0.40160642570281124,SNMA.tsv
100,150,0.33676092544987146,0.5621301775147929,0.44154057771664373,SNMA.tsv
150,200,0.6883720930232559,0.23050259965337955,0.3547979797979798,SNMA.tsv
200,250,0.562015503875969,0.36082474226804123,0.4553734061930783,SNMA.tsv
250,290,0.4354066985645933,0.3382352941176471,0.387409200968523,SNMA.tsv
