begin,end,s1_er_ratio,s2_er_ratio,er_ratio_average,file
0,50,0.335,0.42424242424242425,0.39429530201342283,SNRP.tsv
50,100,0.4520547945205479,0.4323040380047506,0.4390625,SNRP.tsv
100,150,0.4104803493449782,0.46,0.43856332703213613,SNRP.tsv
150,200,0.4199134199134199,0.371900826446281,0.39057239057239057,SNRP.tsv
200,213,0.34782608695652173,0.25882352941176473,0.2777777777777778,SNRP.tsv
