begin,end,s1_er_ratio,s2_er_ratio,er_ratio_average,file
0,50,0.013937282229965157,0.6739130434782609,0.10510510510510511,STV6.tsv
50,100,0.6372093023255814,0.17269076305220885,0.3879310344827586,STV6.tsv
100,150,0.5,0.29243353783231085,0.3288364249578415,STV6.tsv
150,179,0.5603448275862069,0.2542372881355932,0.32978723404255317,STV6.tsv
