begin,end,s1_er_ratio,s2_er_ratio,er_ratio_average,file
0,50,0.4533333333333333,0.5159420289855072,0.48333333333333334,SU6W.tsv
50,100,0.2706552706552707,0.5625,0.4167852062588905,SU6W.tsv
100,150,0.4301369863013699,0.575,0.5093167701863354,SU6W.tsv
150,200,0.43119266055045874,0.5214592274678111,0.4842370744010088,SU6W.tsv
200,250,0.30097087378640774,0.5119047619047619,0.39572192513368987,SU6W.tsv
250,300,0.34627831715210355,0.45794392523364486,0.3919694072657744,SU6W.tsv
300,344,0.35802469135802467,0.4312796208530806,0.38691588785046727,SU6W.tsv
