begin,end,s1_er_ratio,s2_er_ratio,er_ratio_average,file
0,50,0.5416666666666666,0.38650306748466257,0.4483394833948339,SVCS.tsv
50,100,0.4605263157894737,0.35051546391752575,0.40672268907563025,SVCS.tsv
100,150,0.5340050377833753,0.41798941798941797,0.4774193548387097,SVCS.tsv
150,200,0.4253968253968254,0.4572025052192067,0.4445843828715365,SVCS.tsv
200,250,0.5,0.43010752688172044,0.45751633986928103,SVCS.tsv
250,300,0.49146757679180886,0.39594843462246776,0.42942583732057416,SVCS.tsv
300,350,0.5316455696202531,0.39383155397390274,0.4314063848144953,SVCS.tsv
350,386,0.4444444444444444,0.24093816631130063,0.2931854199683043,SVCS.tsv
