begin,end,s1_er_ratio,s2_er_ratio,er_ratio_average,file
0,50,0.3597122302158273,0.4236111111111111,0.37285714285714283,SVWU.tsv
50,100,0.6217765042979942,0.26147704590818366,0.40941176470588236,SVWU.tsv
100,150,0.47470817120622566,0.4484536082474227,0.4675141242937853,SVWU.tsv
150,200,0.3185011709601874,0.42207792207792205,0.3459552495697074,SVWU.tsv
200,250,0.26370757180156656,0.5432692307692307,0.36209813874788493,SVWU.tsv
250,300,0.3702290076335878,0.4725609756097561,0.4271186440677966,SVWU.tsv
300,350,0.3333333333333333,0.5721925133689839,0.4187380497131931,SVWU.tsv
350,400,0.3907563025210084,0.32,0.36077481840193704,SVWU.tsv
400,406,0.017857142857142856,0.125,0.03125,SVWU.tsv
