begin,end,s1_er_ratio,s2_er_ratio,er_ratio_average,file
0,50,0.47844827586206895,0.2608695652173913,0.37585421412300685,SY7T.tsv
50,100,0.3898305084745763,0.5045871559633027,0.43859649122807015,SY7T.tsv
100,150,0.48013245033112584,0.3736654804270463,0.4288164665523156,SY7T.tsv
150,180,0.41721854304635764,0.41836734693877553,0.41767068273092367,SY7T.tsv
