speaker1,speaker1_token_number,speaker1_expression_token_number,speaker1_expression_number,speaker1_er_ratio,speaker2,speaker2_token_number,speaker2_expression_token_number,speaker2_expression_number,speaker2_er_ratio,speaker3,speaker3_token_number,speaker3_expression_token_number,speaker3_expression_number,speaker3_er_ratio,total_token_number,total_er_token_number,av_er_ratio,total_er_number,begin,end,file
S0655,118,27,12,0.2288135593220339,S0653,102,18,11,0.17647058823529413,S0654,65,16,8,0.24615384615384617,285,61,0.21403508771929824,31,0,50,S24D.tsv
S0655,172,25,14,0.14534883720930233,S0653,110,21,12,0.19090909090909092,S0654,21,4,3,0.19047619047619047,303,50,0.16501650165016502,29,50,100,S24D.tsv
S0655,211,22,13,0.10426540284360189,S0653,84,19,10,0.2261904761904762,S0654,21,5,3,0.23809523809523808,316,46,0.14556962025316456,26,100,150,S24D.tsv
S0655,160,20,14,0.125,S0653,108,22,10,0.2037037037037037,S0654,37,9,5,0.24324324324324326,305,51,0.16721311475409836,29,150,200,S24D.tsv
S0655,184,30,22,0.16304347826086957,S0653,132,19,14,0.14393939393939395,S0654,36,10,8,0.2777777777777778,352,59,0.16761363636363635,44,200,250,S24D.tsv
S0655,290,7,5,0.02413793103448276,S0653,78,9,8,0.11538461538461539,S0654,19,5,3,0.2631578947368421,387,21,0.05426356589147287,16,250,300,S24D.tsv
S0655,254,36,19,0.14173228346456693,S0653,153,28,19,0.1830065359477124,S0654,4,2,2,0.5,411,66,0.16058394160583941,40,300,350,S24D.tsv
S0655,210,39,25,0.18571428571428572,S0653,149,34,26,0.22818791946308725,S0654,22,4,3,0.18181818181818182,381,77,0.2020997375328084,54,350,400,S24D.tsv
S0655,54,11,7,0.2037037037037037,S0653,169,14,8,0.08284023668639054,S0654,18,8,5,0.4444444444444444,241,33,0.13692946058091288,20,400,431,S24D.tsv
