speaker1,speaker1_token_number,speaker1_expression_token_number,speaker1_expression_number,speaker1_er_ratio,speaker2,speaker2_token_number,speaker2_expression_token_number,speaker2_expression_number,speaker2_er_ratio,speaker3,speaker3_token_number,speaker3_expression_token_number,speaker3_expression_number,speaker3_er_ratio,total_token_number,total_er_token_number,av_er_ratio,total_er_number,begin,end,file
S0653,308,60,45,0.19480519480519481,S0655,184,24,16,0.13043478260869565,S0654,17,1,1,0.058823529411764705,509,85,0.16699410609037327,62,0,50,S2TC.tsv
S0653,233,29,21,0.12446351931330472,S0655,137,34,21,0.24817518248175183,S0654,27,4,4,0.14814814814814814,397,67,0.16876574307304787,46,50,100,S2TC.tsv
S0653,130,19,13,0.14615384615384616,S0655,84,12,9,0.14285714285714285,S0654,73,20,11,0.273972602739726,287,51,0.17770034843205576,33,100,150,S2TC.tsv
S0653,298,38,27,0.12751677852348994,S0655,102,22,16,0.21568627450980393,S0654,139,27,20,0.19424460431654678,539,87,0.1614100185528757,63,150,200,S2TC.tsv
S0653,178,41,23,0.2303370786516854,S0655,96,45,17,0.46875,S0654,141,23,14,0.16312056737588654,415,109,0.26265060240963856,54,200,250,S2TC.tsv
S0653,44,9,4,0.20454545454545456,S0655,51,19,8,0.37254901960784315,S0654,10,0,0,0.0,105,28,0.26666666666666666,12,250,270,S2TC.tsv
