speaker1,speaker1_token_number,speaker1_expression_token_number,speaker1_expression_number,speaker1_er_ratio,speaker2,speaker2_token_number,speaker2_expression_token_number,speaker2_expression_number,speaker2_er_ratio,speaker3,speaker3_token_number,speaker3_expression_token_number,speaker3_expression_number,speaker3_er_ratio,total_token_number,total_er_token_number,av_er_ratio,total_er_number,begin,end,file
S0655,18,0,0,0.0,S0653,119,9,8,0.07563025210084033,S0654,244,27,16,0.11065573770491803,381,36,0.09448818897637795,24,0,50,S3A9.tsv
S0655,13,5,4,0.38461538461538464,S0653,95,29,15,0.30526315789473685,S0654,272,24,13,0.08823529411764706,380,58,0.15263157894736842,32,50,100,S3A9.tsv
S0655,51,20,12,0.39215686274509803,S0653,169,23,18,0.13609467455621302,S0654,138,38,18,0.2753623188405797,358,81,0.22625698324022347,48,100,150,S3A9.tsv
S0655,157,38,27,0.24203821656050956,S0653,304,31,17,0.10197368421052631,S0654,58,18,11,0.3103448275862069,519,87,0.1676300578034682,55,150,200,S3A9.tsv
S0655,10,3,2,0.3,S0653,69,10,7,0.14492753623188406,S0654,61,15,9,0.2459016393442623,140,28,0.2,18,200,221,S3A9.tsv
