speaker1,speaker1_token_number,speaker1_expression_token_number,speaker1_expression_number,speaker1_er_ratio,speaker2,speaker2_token_number,speaker2_expression_token_number,speaker2_expression_number,speaker2_er_ratio,speaker3,speaker3_token_number,speaker3_expression_token_number,speaker3_expression_number,speaker3_er_ratio,total_token_number,total_er_token_number,av_er_ratio,total_er_number,begin,end,file
S0653,1057,100,75,0.0946073793755913,S0655,73,31,19,0.4246575342465753,S0654,64,38,25,0.59375,1194,169,0.14154103852596314,119,0,50,S46J.tsv
S0653,110,24,10,0.21818181818181817,S0655,19,7,4,0.3684210526315789,S0654,139,19,12,0.1366906474820144,268,50,0.1865671641791045,26,50,100,S46J.tsv
S0653,128,18,9,0.140625,S0655,17,6,4,0.35294117647058826,S0654,169,16,13,0.09467455621301775,314,40,0.12738853503184713,26,100,150,S46J.tsv
S0653,123,16,13,0.13008130081300814,S0655,11,4,3,0.36363636363636365,S0654,161,17,14,0.10559006211180125,295,37,0.12542372881355932,30,150,200,S46J.tsv
S0653,142,18,13,0.1267605633802817,S0655,18,8,6,0.4444444444444444,S0654,140,42,25,0.3,300,68,0.22666666666666666,44,200,250,S46J.tsv
S0653,459,41,29,0.08932461873638345,S0655,20,12,10,0.6,S0654,113,28,17,0.24778761061946902,592,81,0.13682432432432431,56,250,300,S46J.tsv
S0653,324,26,22,0.08024691358024691,S0655,55,25,18,0.45454545454545453,S0654,74,23,15,0.3108108108108108,453,74,0.16335540838852097,55,300,350,S46J.tsv
S0653,281,48,27,0.1708185053380783,S0655,88,8,7,0.09090909090909091,S0654,68,20,12,0.29411764705882354,437,76,0.17391304347826086,46,350,400,S46J.tsv
S0653,147,12,8,0.08163265306122448,S0655,22,9,5,0.4090909090909091,S0654,28,3,2,0.10714285714285714,197,24,0.1218274111675127,15,400,417,S46J.tsv
