speaker1,speaker1_token_number,speaker1_expression_token_number,speaker1_expression_number,speaker1_er_ratio,speaker2,speaker2_token_number,speaker2_expression_token_number,speaker2_expression_number,speaker2_er_ratio,speaker3,speaker3_token_number,speaker3_expression_token_number,speaker3_expression_number,speaker3_er_ratio,total_token_number,total_er_token_number,av_er_ratio,total_er_number,begin,end,file
S0653,236,24,17,0.1016949152542373,S0655,210,44,30,0.20952380952380953,S0654,26,6,4,0.23076923076923078,472,74,0.15677966101694915,51,0,50,S6AZ.tsv
S0653,196,14,11,0.07142857142857142,S0655,212,44,28,0.20754716981132076,S0654,11,3,3,0.2727272727272727,419,61,0.14558472553699284,42,50,100,S6AZ.tsv
S0653,152,27,17,0.17763157894736842,S0655,130,12,10,0.09230769230769231,S0654,92,24,16,0.2608695652173913,374,63,0.16844919786096257,43,100,150,S6AZ.tsv
S0653,297,18,13,0.06060606060606061,S0655,96,34,22,0.3541666666666667,S0654,82,17,13,0.2073170731707317,475,69,0.14526315789473684,48,150,200,S6AZ.tsv
S0653,355,16,12,0.04507042253521127,S0655,68,23,15,0.3382352941176471,S0654,47,12,8,0.2553191489361702,470,51,0.10851063829787234,35,200,250,S6AZ.tsv
S0653,194,25,12,0.12886597938144329,S0655,114,36,23,0.3157894736842105,S0654,45,8,5,0.17777777777777778,353,69,0.1954674220963173,40,250,298,S6AZ.tsv
