speaker1,speaker1_token_number,speaker1_expression_token_number,speaker1_expression_number,speaker1_er_ratio,speaker2,speaker2_token_number,speaker2_expression_token_number,speaker2_expression_number,speaker2_er_ratio,speaker3,speaker3_token_number,speaker3_expression_token_number,speaker3_expression_number,speaker3_er_ratio,total_token_number,total_er_token_number,av_er_ratio,total_er_number,begin,end,file
S0086,262,36,23,0.13740458015267176,S0085,118,27,17,0.2288135593220339,S0083,426,122,75,0.2863849765258216,806,185,0.22952853598014888,115,0,50,S6GC.tsv
S0086,160,48,35,0.3,S0085,0,0,0,0.0,S0083,1017,93,66,0.09144542772861357,1177,141,0.11979609175870858,101,50,100,S6GC.tsv
S0086,269,69,52,0.25650557620817843,S0085,120,53,36,0.44166666666666665,S0083,356,39,27,0.10955056179775281,745,161,0.21610738255033557,115,100,150,S6GC.tsv
S0086,381,93,65,0.2440944881889764,S0085,77,25,13,0.3246753246753247,S0083,321,74,46,0.23052959501557632,779,192,0.24646983311938384,124,150,200,S6GC.tsv
S0086,507,84,66,0.16568047337278108,S0085,118,9,6,0.07627118644067797,S0083,177,66,43,0.3728813559322034,802,159,0.19825436408977556,115,200,250,S6GC.tsv
S0086,280,130,75,0.4642857142857143,S0085,0,0,0,0.0,S0083,1577,126,96,0.07989854153455929,1857,256,0.13785675821217017,171,250,300,S6GC.tsv
S0086,287,48,40,0.1672473867595819,S0085,4,1,1,0.25,S0083,737,95,59,0.12890094979647218,1028,144,0.14007782101167315,100,300,350,S6GC.tsv
S0086,105,22,13,0.20952380952380953,S0085,81,5,4,0.06172839506172839,S0083,21,7,4,0.3333333333333333,207,34,0.1642512077294686,21,350,378,S6GC.tsv
