speaker1,speaker1_token_number,speaker1_expression_token_number,speaker1_expression_number,speaker1_er_ratio,speaker2,speaker2_token_number,speaker2_expression_token_number,speaker2_expression_number,speaker2_er_ratio,speaker3,speaker3_token_number,speaker3_expression_token_number,speaker3_expression_number,speaker3_er_ratio,total_token_number,total_er_token_number,av_er_ratio,total_er_number,begin,end,file
S0417,305,63,41,0.20655737704918034,S0416,271,82,60,0.3025830258302583,S0418,0,0,0,0.0,576,145,0.2517361111111111,101,0,50,SQNA.tsv
S0417,587,66,47,0.11243611584327087,S0416,179,50,37,0.27932960893854747,S0418,1,1,1,1.0,767,117,0.15254237288135594,85,50,100,SQNA.tsv
S0417,165,34,27,0.20606060606060606,S0416,240,50,31,0.20833333333333334,S0418,5,3,3,0.6,410,87,0.2121951219512195,61,100,150,SQNA.tsv
S0417,176,35,20,0.19886363636363635,S0416,127,13,12,0.10236220472440945,S0418,16,5,3,0.3125,319,53,0.16614420062695925,35,150,200,SQNA.tsv
S0417,60,6,6,0.1,S0416,80,30,16,0.375,S0418,18,3,3,0.16666666666666666,158,39,0.2468354430379747,25,200,250,SQNA.tsv
S0417,267,36,26,0.1348314606741573,S0416,202,32,27,0.15841584158415842,S0418,0,0,0,0.0,469,68,0.14498933901918976,53,250,300,SQNA.tsv
S0417,282,51,35,0.18085106382978725,S0416,128,20,15,0.15625,S0418,0,0,0,0.0,410,71,0.17317073170731706,50,300,350,SQNA.tsv
S0417,140,19,17,0.1357142857142857,S0416,142,26,18,0.18309859154929578,S0418,2,0,0,0.0,284,45,0.15845070422535212,35,350,400,SQNA.tsv
S0417,71,3,3,0.04225352112676056,S0416,12,4,1,0.3333333333333333,S0418,1,0,0,0.0,84,7,0.08333333333333333,4,400,416,SQNA.tsv
