speaker1,speaker1_token_number,speaker1_expression_token_number,speaker1_expression_number,speaker1_er_ratio,speaker2,speaker2_token_number,speaker2_expression_token_number,speaker2_expression_number,speaker2_er_ratio,speaker3,speaker3_token_number,speaker3_expression_token_number,speaker3_expression_number,speaker3_er_ratio,total_token_number,total_er_token_number,av_er_ratio,total_er_number,begin,end,file
S0520,112,20,13,0.17857142857142858,S0519,252,33,26,0.13095238095238096,S0521,27,5,3,0.18518518518518517,391,58,0.1483375959079284,42,0,50,STDN.tsv
S0520,138,22,14,0.15942028985507245,S0519,273,51,30,0.18681318681318682,S0521,16,7,5,0.4375,427,80,0.1873536299765808,49,50,100,STDN.tsv
S0520,275,18,13,0.06545454545454546,S0519,96,23,14,0.23958333333333334,S0521,48,9,6,0.1875,419,50,0.11933174224343675,33,100,150,STDN.tsv
S0520,97,13,9,0.13402061855670103,S0519,123,26,19,0.21138211382113822,S0521,208,28,18,0.1346153846153846,428,67,0.15654205607476634,46,150,200,STDN.tsv
S0520,226,35,29,0.15486725663716813,S0519,250,30,21,0.12,S0521,93,22,13,0.23655913978494625,569,87,0.15289982425307558,63,200,250,STDN.tsv
S0520,108,2,1,0.018518518518518517,S0519,15,1,1,0.06666666666666667,S0521,21,0,0,0.0,144,3,0.020833333333333332,2,250,258,STDN.tsv
