speaker1,speaker1_token_number,speaker1_expression_token_number,speaker1_expression_number,speaker1_er_ratio,speaker2,speaker2_token_number,speaker2_expression_token_number,speaker2_expression_number,speaker2_er_ratio,speaker3,speaker3_token_number,speaker3_expression_token_number,speaker3_expression_number,speaker3_er_ratio,total_token_number,total_er_token_number,av_er_ratio,total_er_number,begin,end,file
S0653,46,12,7,0.2608695652173913,S0654,350,24,21,0.06857142857142857,S0655,49,12,8,0.24489795918367346,445,48,0.10786516853932585,36,0,50,SX4N.tsv
S0653,57,11,8,0.19298245614035087,S0654,349,29,22,0.0830945558739255,S0655,41,14,9,0.34146341463414637,447,54,0.12080536912751678,39,50,100,SX4N.tsv
S0653,53,7,4,0.1320754716981132,S0654,153,8,5,0.05228758169934641,S0655,279,58,33,0.2078853046594982,485,73,0.15051546391752577,42,100,150,SX4N.tsv
S0653,76,29,13,0.3815789473684211,S0654,39,13,12,0.3333333333333333,S0655,190,10,7,0.05263157894736842,305,52,0.17049180327868851,32,150,200,SX4N.tsv
S0653,51,12,10,0.23529411764705882,S0654,183,66,40,0.36065573770491804,S0655,282,17,11,0.06028368794326241,516,95,0.18410852713178294,61,200,250,SX4N.tsv
S0653,103,19,11,0.18446601941747573,S0654,67,19,14,0.2835820895522388,S0655,79,10,6,0.12658227848101267,249,48,0.1927710843373494,31,250,300,SX4N.tsv
S0653,151,28,19,0.18543046357615894,S0654,159,26,16,0.16352201257861634,S0655,32,4,3,0.125,342,58,0.1695906432748538,38,300,340,SX4N.tsv
