speaker1,speaker1_token_number,speaker1_expression_token_number,speaker1_expression_number,speaker1_er_ratio,speaker2,speaker2_token_number,speaker2_expression_token_number,speaker2_expression_number,speaker2_er_ratio,speaker3,speaker3_token_number,speaker3_expression_token_number,speaker3_expression_number,speaker3_er_ratio,total_token_number,total_er_token_number,av_er_ratio,total_er_number,begin,end,file
S0655,35,5,4,0.14285714285714285,S0654,111,35,25,0.3153153153153153,S0653,477,49,39,0.10272536687631027,623,89,0.14285714285714285,68,0,50,SZFG.tsv
S0655,61,10,9,0.16393442622950818,S0654,104,27,13,0.25961538461538464,S0653,175,11,8,0.06285714285714286,340,48,0.1411764705882353,30,50,100,SZFG.tsv
S0655,63,15,11,0.23809523809523808,S0654,36,4,4,0.1111111111111111,S0653,247,15,12,0.06072874493927125,346,34,0.09826589595375723,27,100,150,SZFG.tsv
S0655,129,25,17,0.1937984496124031,S0654,57,13,9,0.22807017543859648,S0653,259,22,16,0.08494208494208494,445,60,0.1348314606741573,42,150,200,SZFG.tsv
S0655,135,16,10,0.11851851851851852,S0654,41,6,5,0.14634146341463414,S0653,257,45,28,0.17509727626459143,433,67,0.15473441108545036,43,200,250,SZFG.tsv
S0655,26,5,2,0.19230769230769232,S0654,27,3,2,0.1111111111111111,S0653,58,2,1,0.034482758620689655,111,10,0.09009009009009009,5,250,263,SZFG.tsv
