speaker1,speaker1_token_number,speaker1_expression_token_number,speaker1_expression_number,speaker1_er_ratio,speaker2,speaker2_token_number,speaker2_expression_token_number,speaker2_expression_number,speaker2_er_ratio,speaker3,speaker3_token_number,speaker3_expression_token_number,speaker3_expression_number,speaker3_er_ratio,total_token_number,total_er_token_number,av_er_ratio,total_er_number,begin,end,file
S0653,236,75,68,0.3177966101694915,S0655,210,101,87,0.48095238095238096,S0654,26,13,11,0.5,472,189,0.4004237288135593,166,0,50,S6AZ.tsv
S0653,196,109,95,0.5561224489795918,S0655,212,145,108,0.6839622641509434,S0654,11,8,7,0.7272727272727273,419,262,0.6252983293556086,210,50,100,S6AZ.tsv
S0653,152,105,87,0.6907894736842105,S0655,130,91,68,0.7,S0654,92,62,45,0.6739130434782609,374,258,0.6898395721925134,200,100,150,S6AZ.tsv
S0653,297,195,154,0.6565656565656566,S0655,96,72,59,0.75,S0654,82,61,45,0.7439024390243902,475,328,0.6905263157894737,258,150,200,S6AZ.tsv
S0653,355,255,213,0.7183098591549296,S0655,68,58,44,0.8529411764705882,S0654,47,26,19,0.5531914893617021,470,339,0.7212765957446808,276,200,250,S6AZ.tsv
S0653,194,134,103,0.6907216494845361,S0655,114,101,62,0.8859649122807017,S0654,45,32,22,0.7111111111111111,353,267,0.7563739376770539,187,250,298,S6AZ.tsv
