speaker1,speaker1_token_number,speaker1_expression_token_number,speaker1_expression_number,speaker1_er_ratio,speaker2,speaker2_token_number,speaker2_expression_token_number,speaker2_expression_number,speaker2_er_ratio,speaker3,speaker3_token_number,speaker3_expression_token_number,speaker3_expression_number,speaker3_er_ratio,total_token_number,total_er_token_number,av_er_ratio,total_er_number,begin,end,file
S0104,290,81,76,0.2793103448275862,S0167,126,69,61,0.5476190476190477,S0110,45,19,19,0.4222222222222222,461,169,0.3665943600867679,156,0,50,SK3S.tsv
S0104,276,171,155,0.6195652173913043,S0167,108,66,63,0.6111111111111112,S0110,110,68,56,0.6181818181818182,494,305,0.6174089068825911,274,50,100,SK3S.tsv
S0104,387,234,209,0.6046511627906976,S0167,92,69,56,0.75,S0110,90,71,58,0.7888888888888889,569,374,0.6572934973637962,323,100,150,SK3S.tsv
S0104,110,70,59,0.6363636363636364,S0167,347,264,206,0.760806916426513,S0110,91,78,59,0.8571428571428571,548,412,0.7518248175182481,324,150,200,SK3S.tsv
S0104,154,116,95,0.7532467532467533,S0167,79,63,50,0.7974683544303798,S0110,59,43,34,0.7288135593220338,292,222,0.7602739726027398,179,200,237,SK3S.tsv
