speaker1,speaker1_token_number,speaker1_expression_token_number,speaker1_expression_number,speaker1_er_ratio,speaker2,speaker2_token_number,speaker2_expression_token_number,speaker2_expression_number,speaker2_er_ratio,speaker3,speaker3_token_number,speaker3_expression_token_number,speaker3_expression_number,speaker3_er_ratio,total_token_number,total_er_token_number,av_er_ratio,total_er_number,begin,end,file
S0266,31,12,9,0.3870967741935484,S0272,1229,452,387,0.3677786818551668,S0273,282,154,117,0.5460992907801419,1542,618,0.40077821011673154,513,0,50,SYNT.tsv
S0266,65,51,39,0.7846153846153846,S0272,739,394,334,0.5331529093369418,S0273,85,53,35,0.6235294117647059,889,498,0.5601799775028121,408,50,100,SYNT.tsv
S0266,58,44,34,0.7586206896551724,S0272,722,454,374,0.628808864265928,S0273,122,110,79,0.9016393442622951,902,608,0.6740576496674058,487,100,150,SYNT.tsv
S0266,26,21,17,0.8076923076923077,S0272,271,204,157,0.7527675276752768,S0273,778,661,476,0.8496143958868895,1075,886,0.8241860465116279,650,150,200,SYNT.tsv
S0266,0,0,0,0.0,S0272,363,296,222,0.8154269972451791,S0273,209,182,132,0.8708133971291866,572,478,0.8356643356643356,354,200,228,SYNT.tsv
