speaker1,speaker1_token_number,speaker1_expression_token_number,speaker1_expression_number,speaker1_er_ratio,speaker2,speaker2_token_number,speaker2_expression_token_number,speaker2_expression_number,speaker2_er_ratio,speaker3,speaker3_token_number,speaker3_expression_token_number,speaker3_expression_number,speaker3_er_ratio,total_token_number,total_er_token_number,av_er_ratio,total_er_number,begin,end,file
S0655,18,0,0,0.0,S0653,119,20,19,0.16806722689075632,S0654,244,70,59,0.28688524590163933,381,90,0.23622047244094488,78,0,50,S3A9.tsv
S0655,13,9,7,0.6923076923076923,S0653,95,47,30,0.49473684210526314,S0654,272,126,110,0.4632352941176471,380,182,0.4789473684210526,147,50,100,S3A9.tsv
S0655,51,34,24,0.6666666666666666,S0653,169,75,66,0.4437869822485207,S0654,138,76,53,0.5507246376811594,358,185,0.5167597765363129,143,100,150,S3A9.tsv
S0655,157,110,87,0.7006369426751592,S0653,304,166,142,0.5460526315789473,S0654,58,41,30,0.7068965517241379,519,317,0.6107899807321773,259,150,200,S3A9.tsv
S0655,10,9,7,0.9,S0653,69,52,43,0.7536231884057971,S0654,61,52,37,0.8524590163934426,140,113,0.8071428571428572,87,200,221,S3A9.tsv
