speaker1,speaker1_token_number,speaker1_expression_token_number,speaker1_expression_number,speaker1_er_ratio,speaker2,speaker2_token_number,speaker2_expression_token_number,speaker2_expression_number,speaker2_er_ratio,speaker3,speaker3_token_number,speaker3_expression_token_number,speaker3_expression_number,speaker3_er_ratio,total_token_number,total_er_token_number,av_er_ratio,total_er_number,begin,end,file
S0653,183,83,71,0.453551912568306,S0654,72,11,9,0.1527777777777778,S0655,71,34,30,0.4788732394366197,326,128,0.39263803680981596,110,0,50,S49H.tsv
S0653,146,89,76,0.6095890410958904,S0654,61,34,29,0.5573770491803278,S0655,91,66,55,0.7252747252747253,298,189,0.6342281879194631,160,50,100,S49H.tsv
S0653,213,131,112,0.6150234741784038,S0654,202,134,114,0.6633663366336634,S0655,43,31,28,0.7209302325581395,458,296,0.6462882096069869,254,100,150,S49H.tsv
S0653,151,116,94,0.7682119205298014,S0654,152,92,79,0.6052631578947368,S0655,67,42,38,0.6268656716417911,370,250,0.6756756756756757,211,150,200,S49H.tsv
S0653,29,22,18,0.7586206896551724,S0654,39,27,24,0.6923076923076923,S0655,0,0,0,0.0,68,49,0.7205882352941176,42,200,207,S49H.tsv
