speaker1,speaker1_token_number,speaker1_expression_token_number,speaker1_expression_number,speaker1_er_ratio,speaker2,speaker2_token_number,speaker2_expression_token_number,speaker2_expression_number,speaker2_er_ratio,speaker3,speaker3_token_number,speaker3_expression_token_number,speaker3_expression_number,speaker3_er_ratio,total_token_number,total_er_token_number,av_er_ratio,total_er_number,begin,end,file
S0567,152,27,26,0.17763157894736842,S0621,77,25,18,0.3246753246753247,S0622,47,11,11,0.23404255319148937,276,63,0.22826086956521738,55,0,50,SJKD.tsv
S0567,179,86,77,0.48044692737430167,S0621,38,26,17,0.6842105263157895,S0622,136,63,53,0.4632352941176471,353,175,0.49575070821529743,147,50,100,SJKD.tsv
S0567,123,67,63,0.5447154471544715,S0621,52,37,31,0.7115384615384616,S0622,148,91,79,0.6148648648648649,323,195,0.6037151702786377,173,100,150,SJKD.tsv
S0567,108,74,66,0.6851851851851852,S0621,97,77,54,0.7938144329896907,S0622,103,75,61,0.7281553398058253,308,226,0.7337662337662337,181,150,200,SJKD.tsv
S0567,211,144,115,0.6824644549763034,S0621,88,73,44,0.8295454545454546,S0622,66,42,33,0.6363636363636364,365,259,0.7095890410958904,192,200,250,SJKD.tsv
S0567,176,134,117,0.7613636363636364,S0621,90,68,54,0.7555555555555555,S0622,1,1,1,1.0,267,203,0.7602996254681648,172,250,300,SJKD.tsv
S0567,156,116,95,0.7435897435897436,S0621,86,77,56,0.8953488372093024,S0622,36,29,22,0.8055555555555556,278,222,0.7985611510791367,173,300,337,SJKD.tsv
