speaker1,speaker1_token_number,speaker1_expression_token_number,speaker1_expression_number,speaker1_er_ratio,speaker2,speaker2_token_number,speaker2_expression_token_number,speaker2_expression_number,speaker2_er_ratio,speaker3,speaker3_token_number,speaker3_expression_token_number,speaker3_expression_number,speaker3_er_ratio,total_token_number,total_er_token_number,av_er_ratio,total_er_number,begin,end,file
S0521,32,2,2,0.0625,S0519,117,39,32,0.3333333333333333,S0520,1112,339,295,0.30485611510791366,1261,380,0.3013481363996828,329,0,50,SWLS.tsv
S0521,3,2,1,0.6666666666666666,S0519,261,143,98,0.5478927203065134,S0520,275,84,72,0.3054545454545455,539,229,0.424860853432282,171,50,100,SWLS.tsv
S0521,103,81,66,0.7864077669902912,S0519,59,34,26,0.576271186440678,S0520,207,96,75,0.463768115942029,369,211,0.5718157181571816,167,100,150,SWLS.tsv
S0521,206,165,118,0.8009708737864077,S0519,67,47,40,0.7014925373134329,S0520,112,73,63,0.6517857142857143,385,285,0.7402597402597403,221,150,200,SWLS.tsv
S0521,100,79,61,0.79,S0519,94,75,60,0.7978723404255319,S0520,122,90,73,0.7377049180327869,316,244,0.7721518987341772,194,200,241,SWLS.tsv
