speaker_number,vo_overlap,vo_total,total_token_number,overlap,begin,end,file
2,48,174,394,0.27586206896551724,0,50,S2FT.tsv
2,85,285,896,0.2982456140350877,0,100,S2FT.tsv
2,118,397,1501,0.2972292191435768,0,150,S2FT.tsv
2,138,454,1904,0.3039647577092511,0,200,S2FT.tsv
2,170,555,2563,0.3063063063063063,0,250,S2FT.tsv
2,170,561,2600,0.30303030303030304,0,253,S2FT.tsv
