speaker_number,vo_overlap,vo_total,total_token_number,overlap,begin,end,file
2,38,172,350,0.22093023255813954,0,50,SCYD.tsv
2,80,279,788,0.2867383512544803,0,100,SCYD.tsv
2,107,341,1169,0.31378299120234604,0,150,SCYD.tsv
2,137,408,1545,0.33578431372549017,0,200,SCYD.tsv
2,144,430,1662,0.33488372093023255,0,216,SCYD.tsv
