speaker_number,vo_overlap,vo_total,total_token_number,overlap,begin,end,file
2,37,162,382,0.22839506172839505,0,50,SDWT.tsv
2,71,268,768,0.26492537313432835,0,100,SDWT.tsv
2,90,360,1148,0.25,0,150,SDWT.tsv
2,107,429,1532,0.2494172494172494,0,200,SDWT.tsv
2,125,479,1935,0.2609603340292276,0,250,SDWT.tsv
2,141,528,2289,0.26704545454545453,0,300,SDWT.tsv
2,163,589,2769,0.2767402376910017,0,350,SDWT.tsv
2,180,626,3156,0.28753993610223644,0,400,SDWT.tsv
2,180,626,3157,0.28753993610223644,0,401,SDWT.tsv
