speaker_number,vo_overlap,vo_total,total_token_number,overlap,begin,end,file
2,43,181,409,0.23756906077348067,0,50,SEKX.tsv
2,84,307,887,0.2736156351791531,0,100,SEKX.tsv
2,113,408,1354,0.2769607843137255,0,150,SEKX.tsv
2,141,484,1741,0.29132231404958675,0,200,SEKX.tsv
2,165,528,2018,0.3125,0,240,SEKX.tsv
