speaker_number,vo_overlap,vo_total,total_token_number,overlap,begin,end,file
2,49,152,405,0.3223684210526316,0,50,SEVC.tsv
2,79,265,1011,0.2981132075471698,0,100,SEVC.tsv
2,96,330,1436,0.2909090909090909,0,150,SEVC.tsv
2,127,382,1799,0.3324607329842932,0,200,SEVC.tsv
2,148,416,2125,0.3557692307692308,0,250,SEVC.tsv
2,171,468,2595,0.36538461538461536,0,300,SEVC.tsv
2,191,532,3201,0.35902255639097747,0,350,SEVC.tsv
2,210,604,3904,0.347682119205298,0,400,SEVC.tsv
2,225,646,4427,0.34829721362229105,0,419,SEVC.tsv
