speaker_number,vo_overlap,vo_total,total_token_number,overlap,begin,end,file
2,41,148,332,0.27702702702702703,0,50,SFT2.tsv
2,75,236,656,0.3177966101694915,0,100,SFT2.tsv
2,92,311,996,0.2958199356913183,0,150,SFT2.tsv
2,105,344,1227,0.30523255813953487,0,200,SFT2.tsv
2,115,381,1423,0.30183727034120733,0,245,SFT2.tsv
