speaker_number,vo_overlap,vo_total,total_token_number,overlap,begin,end,file
2,56,218,626,0.25688073394495414,0,50,SG3P.tsv
2,107,356,1294,0.300561797752809,0,100,SG3P.tsv
2,139,430,1916,0.32325581395348835,0,150,SG3P.tsv
2,162,503,2398,0.3220675944333996,0,189,SG3P.tsv
