speaker_number,vo_overlap,vo_total,total_token_number,overlap,begin,end,file
2,53,166,458,0.3192771084337349,0,50,SHP3.tsv
2,77,250,1003,0.308,0,100,SHP3.tsv
2,104,313,1424,0.33226837060702874,0,150,SHP3.tsv
2,138,372,1929,0.3709677419354839,0,200,SHP3.tsv
2,171,432,2370,0.3958333333333333,0,250,SHP3.tsv
2,183,483,2799,0.37888198757763975,0,287,SHP3.tsv
