speaker_number,vo_overlap,vo_total,total_token_number,overlap,begin,end,file
2,76,272,758,0.27941176470588236,0,50,SJU2.tsv
2,138,443,1796,0.3115124153498871,0,100,SJU2.tsv
2,164,566,2602,0.28975265017667845,0,142,SJU2.tsv
