speaker_number,vo_overlap,vo_total,total_token_number,overlap,begin,end,file
2,57,241,723,0.23651452282157676,0,50,SN59.tsv
2,110,366,1392,0.3005464480874317,0,100,SN59.tsv
2,134,471,1971,0.28450106157112526,0,150,SN59.tsv
2,156,532,2552,0.2932330827067669,0,200,SN59.tsv
2,178,598,2998,0.2976588628762542,0,250,SN59.tsv
2,206,664,3543,0.3102409638554217,0,300,SN59.tsv
2,232,740,4322,0.31351351351351353,0,350,SN59.tsv
2,262,813,5067,0.32226322263222634,0,399,SN59.tsv
