speaker_number,vo_overlap,vo_total,total_token_number,overlap,begin,end,file
2,48,191,492,0.2513089005235602,0,50,SP67.tsv
2,89,294,996,0.30272108843537415,0,100,SP67.tsv
2,120,393,1524,0.3053435114503817,0,150,SP67.tsv
2,166,510,2335,0.3254901960784314,0,200,SP67.tsv
2,201,582,3029,0.34536082474226804,0,250,SP67.tsv
2,235,642,3642,0.3660436137071651,0,300,SP67.tsv
2,257,709,4135,0.3624823695345557,0,350,SP67.tsv
2,277,768,4745,0.3606770833333333,0,400,SP67.tsv
2,279,780,4823,0.3576923076923077,0,406,SP67.tsv
