speaker_number,vo_overlap,vo_total,total_token_number,overlap,begin,end,file
2,85,323,991,0.2631578947368421,0,50,STEY.tsv
2,124,427,1580,0.2903981264637002,0,100,STEY.tsv
2,172,564,2383,0.3049645390070922,0,150,STEY.tsv
2,198,651,2994,0.30414746543778803,0,200,STEY.tsv
2,229,745,3729,0.3073825503355705,0,250,STEY.tsv
2,233,764,3848,0.30497382198952877,0,260,STEY.tsv
