speaker_number,vo_overlap,vo_total,total_token_number,overlap,begin,end,file
2,35,146,338,0.23972602739726026,0,50,SW55.tsv
2,78,282,882,0.2765957446808511,0,100,SW55.tsv
2,125,382,1479,0.32722513089005234,0,150,SW55.tsv
2,139,467,2009,0.29764453961456105,0,200,SW55.tsv
2,165,517,2365,0.3191489361702128,0,250,SW55.tsv
2,191,583,3045,0.3276157804459691,0,300,SW55.tsv
2,216,631,3505,0.34231378763866877,0,350,SW55.tsv
2,222,659,3867,0.33687405159332323,0,400,SW55.tsv
2,226,668,3977,0.3383233532934132,0,420,SW55.tsv
