speaker_number,vo_overlap,vo_total,total_token_number,overlap,begin,end,file
2,50,257,687,0.19455252918287938,0,50,SX6V.tsv
2,88,418,1355,0.21052631578947367,0,100,SX6V.tsv
2,115,522,2077,0.22030651340996169,0,150,SX6V.tsv
2,154,631,2918,0.24405705229793978,0,200,SX6V.tsv
2,198,719,3740,0.2753824756606398,0,250,SX6V.tsv
2,233,814,4560,0.28624078624078625,0,300,SX6V.tsv
2,260,878,5031,0.296127562642369,0,340,SX6V.tsv
