speaker_number,vo_overlap,vo_total,total_token_number,overlap,begin,end,file
2,82,350,1030,0.2342857142857143,0,50,SXAQ.tsv
2,126,475,1783,0.26526315789473687,0,100,SXAQ.tsv
2,155,562,2372,0.27580071174377224,0,150,SXAQ.tsv
2,176,608,2760,0.2894736842105263,0,200,SXAQ.tsv
2,197,662,3233,0.297583081570997,0,250,SXAQ.tsv
2,212,697,3520,0.30416068866571017,0,272,SXAQ.tsv
