speaker_number,vo_overlap,vo_total,total_token_number,overlap,begin,end,file
2,83,315,1022,0.2634920634920635,0,50,SXBE.tsv
2,134,474,2033,0.28270042194092826,0,100,SXBE.tsv
2,182,614,3149,0.2964169381107492,0,150,SXBE.tsv
2,231,729,4083,0.3168724279835391,0,200,SXBE.tsv
2,252,792,4699,0.3181818181818182,0,243,SXBE.tsv
