speaker_number,vo_overlap,vo_total,total_token_number,overlap,begin,end,file
2,37,187,510,0.19786096256684493,0,50,SXCU.tsv
2,85,303,1212,0.28052805280528054,0,100,SXCU.tsv
2,117,378,1779,0.30952380952380953,0,150,SXCU.tsv
2,138,422,2101,0.32701421800947866,0,193,SXCU.tsv
