speaker_number,vo_overlap,vo_total,total_token_number,overlap,begin,end,file
2,72,316,1396,0.22784810126582278,0,50,SZNP.tsv
2,102,435,2333,0.23448275862068965,0,100,SZNP.tsv
2,137,510,3020,0.26862745098039215,0,150,SZNP.tsv
2,171,590,4027,0.28983050847457625,0,200,SZNP.tsv
2,192,646,4689,0.29721362229102166,0,250,SZNP.tsv
2,201,664,4909,0.30271084337349397,0,279,SZNP.tsv
