begin,end,s1_er_ratio,s2_er_ratio,er_ratio_average,file
0,50,0.41284403669724773,0.3146853146853147,0.3739612188365651,S2A5.tsv
50,100,0.5174603174603175,0.7241379310344828,0.5621890547263682,S2A5.tsv
100,150,0.6165413533834586,0.7207207207207207,0.6472148541114059,S2A5.tsv
150,200,0.6517571884984026,0.7941176470588235,0.6948775055679287,S2A5.tsv
200,207,0.625,0.7142857142857143,0.7,S2A5.tsv
