begin,end,s1_er_ratio,s2_er_ratio,er_ratio_average,file
0,50,0.38954869358669836,0.5337837837837838,0.4490934449093445,S37F.tsv
50,100,0.6191860465116279,0.6151079136690647,0.617363344051447,S37F.tsv
100,150,0.6691449814126395,0.696969696969697,0.6783042394014963,S37F.tsv
150,200,0.6689655172413793,0.7450980392156863,0.6887755102040817,S37F.tsv
200,238,0.6855670103092784,0.7696629213483146,0.7258064516129032,S37F.tsv
