begin,end,s1_er_ratio,s2_er_ratio,er_ratio_average,file
0,50,0.33064516129032256,0.34375,0.3390804597701149,S4MF.tsv
50,100,0.6403508771929824,0.4491525423728814,0.5114285714285715,S4MF.tsv
100,150,0.5652173913043478,0.5980952380952381,0.593192868719611,S4MF.tsv
150,200,0.703125,0.690625,0.6941964285714286,S4MF.tsv
200,250,0.864,0.6678571428571428,0.7283950617283951,S4MF.tsv
250,300,0.8217054263565892,0.6953125,0.7376623376623377,S4MF.tsv
300,350,0.8090452261306532,0.7605042016806722,0.782608695652174,S4MF.tsv
350,400,0.8444444444444444,0.7482517482517482,0.8018575851393189,S4MF.tsv
400,411,0.88,0.7959183673469388,0.8243243243243243,S4MF.tsv
