begin,end,s1_er_ratio,s2_er_ratio,er_ratio_average,file
0,50,0.3506944444444444,0.3772455089820359,0.36043956043956044,S4ZA.tsv
50,100,0.5251989389920424,0.6875,0.5908372827804107,S4ZA.tsv
100,150,0.7380191693290735,0.6826347305389222,0.71875,S4ZA.tsv
150,165,0.7741935483870968,0.8160919540229885,0.7944444444444444,S4ZA.tsv
