begin,end,s1_er_ratio,s2_er_ratio,er_ratio_average,file
0,50,0.38095238095238093,0.24358974358974358,0.32558139534883723,S622.tsv
50,100,0.6338797814207651,0.5748031496062992,0.6096774193548387,S622.tsv
100,150,0.7213740458015268,0.6466165413533834,0.6962025316455697,S622.tsv
150,200,0.6854838709677419,0.7285714285714285,0.7010309278350515,S622.tsv
200,250,0.7,0.6607142857142857,0.6960431654676259,S622.tsv
250,300,0.6762295081967213,0.8260869565217391,0.7172619047619048,S622.tsv
300,302,0.7142857142857143,0.9130434782608695,0.8378378378378378,S622.tsv
