begin,end,s1_er_ratio,s2_er_ratio,er_ratio_average,file
0,50,0.21311475409836064,0.421875,0.2564935064935065,S7AR.tsv
50,100,0.2701612903225806,0.6764705882352942,0.38857142857142857,S7AR.tsv
100,150,0.48148148148148145,0.6351931330472103,0.566350710900474,S7AR.tsv
150,200,0.6516393442622951,0.6514084507042254,0.6515151515151515,S7AR.tsv
200,250,0.770949720670391,0.742914979757085,0.75037147102526,S7AR.tsv
250,256,0.8333333333333334,0.7692307692307693,0.7831325301204819,S7AR.tsv
