begin,end,s1_er_ratio,s2_er_ratio,er_ratio_average,file
0,50,0.6774193548387096,0.20938628158844766,0.2456286427976686,S8RY.tsv
50,100,0.835820895522388,0.6003134796238244,0.6699779249448123,S8RY.tsv
100,150,0.753731343283582,0.6518624641833811,0.6682692307692307,S8RY.tsv
150,200,0.8415300546448088,0.6596906278434941,0.6856474258970359,S8RY.tsv
200,250,0.8777777777777778,0.711764705882353,0.755072463768116,S8RY.tsv
250,250,0.0,0.0,0.0,S8RY.tsv
