begin,end,s1_er_ratio,s2_er_ratio,er_ratio_average,file
0,50,0.3013698630136986,0.4297520661157025,0.34705882352941175,S9F7.tsv
50,100,0.5940959409594095,0.6312849162011173,0.615262321144674,S9F7.tsv
100,150,0.7053941908713693,0.7393939393939394,0.7192118226600985,S9F7.tsv
150,200,0.6629834254143646,0.7802690582959642,0.7277227722772277,S9F7.tsv
200,250,0.6788990825688074,0.756544502617801,0.7393075356415478,S9F7.tsv
250,300,0.7080745341614907,0.8,0.7652582159624414,S9F7.tsv
300,322,0.8285714285714286,0.7974683544303798,0.8031088082901554,S9F7.tsv
