begin,end,s1_er_ratio,s2_er_ratio,er_ratio_average,file
0,50,0.4899328859060403,0.23043478260869565,0.3324538258575198,S9HC.tsv
50,100,0.7203389830508474,0.5505050505050505,0.6139240506329114,S9HC.tsv
100,150,0.656934306569343,0.5673758865248227,0.6115107913669064,S9HC.tsv
150,200,0.7898550724637681,0.6111111111111112,0.6845238095238095,S9HC.tsv
200,250,0.756578947368421,0.6885964912280702,0.7157894736842105,S9HC.tsv
250,300,0.7637795275590551,0.6808510638297872,0.7099447513812155,S9HC.tsv
300,350,0.8079268292682927,0.6886792452830188,0.7788018433179723,S9HC.tsv
350,400,0.7828054298642534,0.7755102040816326,0.780564263322884,S9HC.tsv
400,422,0.8210526315789474,0.8289473684210527,0.8245614035087719,S9HC.tsv
