begin,end,s1_er_ratio,s2_er_ratio,er_ratio_average,file
0,50,0.5515463917525774,0.35020242914979755,0.4069767441860465,S9S8.tsv
50,100,0.7485029940119761,0.5623003194888179,0.6270833333333333,S9S8.tsv
100,150,0.6795580110497238,0.5454545454545454,0.6395348837209303,S9S8.tsv
150,200,0.7074148296593187,0.7461928934010152,0.7183908045977011,S9S8.tsv
200,250,0.8060344827586207,0.7357723577235772,0.7698744769874477,S9S8.tsv
250,299,0.7402597402597403,0.7535211267605634,0.7466216216216216,S9S8.tsv
