begin,end,s1_er_ratio,s2_er_ratio,er_ratio_average,file
0,50,0.4520547945205479,0.46564885496183206,0.46078431372549017,SB49.tsv
50,100,0.6772823779193206,0.6390423572744015,0.6568047337278107,SB49.tsv
100,150,0.7692307692307693,0.8241206030150754,0.784992784992785,SB49.tsv
150,166,0.7714285714285715,0.6790123456790124,0.7375565610859729,SB49.tsv
