begin,end,s1_er_ratio,s2_er_ratio,er_ratio_average,file
0,50,0.037527593818984545,0.6428571428571429,0.08888888888888889,SBA6.tsv
50,100,0.2727272727272727,0.6885245901639344,0.4429530201342282,SBA6.tsv
100,150,0.5506329113924051,0.7222222222222222,0.6588785046728972,SBA6.tsv
150,200,0.7237354085603113,0.7630057803468208,0.7395348837209302,SBA6.tsv
200,250,0.7338709677419355,0.7284768211920529,0.731829573934837,SBA6.tsv
250,300,0.7785234899328859,0.7213114754098361,0.7400881057268722,SBA6.tsv
300,350,0.7873563218390804,0.8021390374331551,0.7950138504155124,SBA6.tsv
350,400,0.7853107344632768,0.8407643312101911,0.811377245508982,SBA6.tsv
400,447,0.7803030303030303,0.7897727272727273,0.7857142857142857,SBA6.tsv
