begin,end,s1_er_ratio,s2_er_ratio,er_ratio_average,file
0,50,0.4114583333333333,0.2585551330798479,0.3230769230769231,SETW.tsv
50,100,0.631578947368421,0.5445544554455446,0.5844504021447721,SETW.tsv
100,150,0.6649746192893401,0.6490066225165563,0.6580459770114943,SETW.tsv
150,150,0.0,0.0,0.0,SETW.tsv
