begin,end,s1_er_ratio,s2_er_ratio,er_ratio_average,file
0,50,0.47703180212014135,0.4412470023980815,0.45571428571428574,SG97.tsv
50,100,0.7137096774193549,0.671875,0.6901408450704225,SG97.tsv
100,150,0.6515151515151515,0.7089201877934272,0.681265206812652,SG97.tsv
150,200,0.7663934426229508,0.7658227848101266,0.7660714285714286,SG97.tsv
200,250,0.8036529680365296,0.8197278911564626,0.8128654970760234,SG97.tsv
250,300,0.7603305785123967,0.7292576419213974,0.74,SG97.tsv
300,306,0.6296296296296297,0.8888888888888888,0.7333333333333333,SG97.tsv
