begin,end,s1_er_ratio,s2_er_ratio,er_ratio_average,file
0,50,0.30179028132992325,0.49370277078085645,0.39847715736040606,SHXF.tsv
50,100,0.7578947368421053,0.5745614035087719,0.6182121971595655,SHXF.tsv
100,150,0.7188208616780045,0.7302052785923754,0.7237851662404092,SHXF.tsv
150,200,0.7304116865869854,0.7969151670951157,0.7530647985989493,SHXF.tsv
200,250,0.7777777777777778,0.8036529680365296,0.7970521541950113,SHXF.tsv
250,300,0.8071065989847716,0.7690014903129657,0.7776497695852534,SHXF.tsv
300,318,0.9047619047619048,0.7777777777777778,0.8285714285714286,SHXF.tsv
