begin,end,s1_er_ratio,s2_er_ratio,er_ratio_average,file
0,50,0.453125,0.38362068965517243,0.42694805194805197,SJAW.tsv
50,100,0.63003663003663,0.7355623100303952,0.6877076411960132,SJAW.tsv
100,150,0.7215189873417721,0.6923076923076923,0.7147487844408428,SJAW.tsv
150,182,0.7667560321715817,0.9195402298850575,0.7956521739130434,SJAW.tsv
