begin,end,s1_er_ratio,s2_er_ratio,er_ratio_average,file
0,50,0.375,0.49171270718232046,0.4178498985801217,SJJK.tsv
50,100,0.7025316455696202,0.6451169188445667,0.6677768526228143,SJJK.tsv
100,150,0.8094218415417559,0.6766304347826086,0.7161043921069382,SJJK.tsv
150,200,0.7904761904761904,0.7413793103448276,0.7598566308243727,SJJK.tsv
200,250,0.8981481481481481,0.7430093209054593,0.7897674418604651,SJJK.tsv
250,300,0.8614864864864865,0.781431334622824,0.824165915238954,SJJK.tsv
300,350,0.8763102725366876,0.7921635434412265,0.8298872180451128,SJJK.tsv
350,400,0.8758029978586723,0.7731239092495636,0.8192307692307692,SJJK.tsv
400,410,0.65,0.8604651162790697,0.8207547169811321,SJJK.tsv
