begin,end,s1_er_ratio,s2_er_ratio,er_ratio_average,file
0,50,0.3612565445026178,0.32456140350877194,0.3475409836065574,SLMK.tsv
50,100,0.5911949685534591,0.541095890410959,0.5672131147540984,SLMK.tsv
100,150,0.6542553191489362,0.7172413793103448,0.6816816816816816,SLMK.tsv
150,200,0.6923076923076923,0.6964285714285714,0.6938775510204082,SLMK.tsv
200,250,0.6428571428571429,0.7117117117117117,0.6624040920716112,SLMK.tsv
250,252,1.0,0.5,0.9166666666666666,SLMK.tsv
