begin,end,s1_er_ratio,s2_er_ratio,er_ratio_average,file
0,50,0.41,0.4032258064516129,0.40816326530612246,SMMK.tsv
50,100,0.44805194805194803,0.6790123456790124,0.5276595744680851,SMMK.tsv
100,150,0.5766129032258065,0.688,0.613941018766756,SMMK.tsv
150,200,0.6687898089171974,0.7466216216216216,0.6988265971316818,SMMK.tsv
200,250,0.7950617283950617,0.7428571428571429,0.781651376146789,SMMK.tsv
250,300,0.6915584415584416,0.7783251231527094,0.726027397260274,SMMK.tsv
300,350,0.775,0.7472527472527473,0.7640692640692641,SMMK.tsv
350,394,0.7327935222672065,0.8193548387096774,0.7661691542288557,SMMK.tsv
