begin,end,s1_er_ratio,s2_er_ratio,er_ratio_average,file
0,50,0.49,0.4337899543378995,0.4728789986091794,SN26.tsv
50,100,0.5993265993265994,0.7276595744680852,0.6560150375939849,SN26.tsv
100,150,0.6288951841359773,0.6785714285714286,0.6466302367941712,SN26.tsv
150,200,0.681704260651629,0.7272727272727273,0.6943942133815552,SN26.tsv
200,250,0.7346938775510204,0.75,0.7395348837209302,SN26.tsv
250,251,0.0,0.0,0.0,SN26.tsv
