begin,end,s1_er_ratio,s2_er_ratio,er_ratio_average,file
0,50,0.36363636363636365,0.34916201117318435,0.35306122448979593,SPTQ.tsv
50,100,0.6232876712328768,0.5420827389443652,0.5560802833530106,SPTQ.tsv
100,150,0.7904191616766467,0.5409356725146199,0.6227897838899804,SPTQ.tsv
150,200,0.7405405405405405,0.6454545454545455,0.6888888888888889,SPTQ.tsv
200,250,0.8087431693989071,0.7037037037037037,0.7268351383874849,SPTQ.tsv
250,300,0.7851851851851852,0.6632653061224489,0.7129909365558912,SPTQ.tsv
300,350,0.7699115044247787,0.696078431372549,0.7159904534606205,SPTQ.tsv
350,359,0.9347826086956522,0.7058823529411765,0.873015873015873,SPTQ.tsv
