begin,end,s1_er_ratio,s2_er_ratio,er_ratio_average,file
0,50,0.4411764705882353,0.31901840490797545,0.354978354978355,SRN2.tsv
50,100,0.7132867132867133,0.5752895752895753,0.6243781094527363,SRN2.tsv
100,150,0.6142857142857143,0.6563573883161512,0.6387225548902196,SRN2.tsv
150,168,0.7411764705882353,0.5813953488372093,0.6875,SRN2.tsv
