begin,end,s1_er_ratio,s2_er_ratio,er_ratio_average,file
0,50,0.28888888888888886,0.3302752293577982,0.29850746268656714,SRRS.tsv
50,100,0.49544072948328266,0.6798029556650246,0.5657894736842105,SRRS.tsv
100,150,0.6644736842105263,0.7877551020408163,0.7405541561712846,SRRS.tsv
150,200,0.6972477064220184,0.7333333333333333,0.7142857142857143,SRRS.tsv
200,250,0.7569444444444444,0.7653061224489796,0.7617647058823529,SRRS.tsv
250,300,0.7419354838709677,0.794344473007712,0.7816764132553606,SRRS.tsv
300,350,0.8247422680412371,0.783109404990403,0.7944055944055944,SRRS.tsv
350,400,0.8202247191011236,0.8301886792452831,0.8286219081272085,SRRS.tsv
400,425,0.6714285714285714,0.8111455108359134,0.7862595419847328,SRRS.tsv
