begin,end,s1_er_ratio,s2_er_ratio,er_ratio_average,file
0,50,0.4441860465116279,0.5538461538461539,0.46964285714285714,STK7.tsv
50,100,0.5978947368421053,0.7619047619047619,0.6445783132530121,STK7.tsv
100,150,0.777027027027027,0.6564748201438849,0.6818181818181818,STK7.tsv
150,200,0.8277945619335347,0.7556818181818182,0.8126491646778043,STK7.tsv
200,241,0.735981308411215,0.7845303867403315,0.7504105090311987,STK7.tsv
