begin,end,s1_er_ratio,s2_er_ratio,er_ratio_average,file
0,50,0.26635514018691586,0.4166666666666667,0.3374384236453202,STVQ.tsv
50,100,0.5319148936170213,0.6629213483146067,0.5883777239709443,STVQ.tsv
100,150,0.5948717948717949,0.6494382022471911,0.6328125,STVQ.tsv
150,187,0.6404494382022472,0.7541666666666667,0.723404255319149,STVQ.tsv
