begin,end,s1_er_ratio,s2_er_ratio,er_ratio_average,file
0,50,0.4824561403508772,0.34946236559139787,0.4,SVNZ.tsv
50,100,0.6988564167725541,0.7012448132780082,0.6994163424124513,SVNZ.tsv
100,150,0.7297297297297297,0.7453416149068323,0.7350157728706624,SVNZ.tsv
150,200,0.7577639751552795,0.7916666666666666,0.7676211453744494,SVNZ.tsv
200,207,0.8666666666666667,0.9333333333333333,0.8833333333333333,SVNZ.tsv
