begin,end,s1_er_ratio,s2_er_ratio,er_ratio_average,file
0,50,0.2596685082872928,0.6466666666666666,0.3434343434343434,SWD7.tsv
50,100,0.6376811594202898,0.7401129943502824,0.6683587140439933,SWD7.tsv
100,150,0.7470817120622568,0.7577092511013216,0.7520661157024794,SWD7.tsv
150,185,0.7785234899328859,0.7486033519553073,0.7621951219512195,SWD7.tsv
