begin,end,s1_er_ratio,s2_er_ratio,er_ratio_average,file
0,50,0.3850267379679144,0.2879581151832461,0.335978835978836,SWYP.tsv
50,100,0.6401673640167364,0.5325670498084292,0.584,SWYP.tsv
100,150,0.7086614173228346,0.6965811965811965,0.7028688524590164,SWYP.tsv
150,200,0.7229437229437229,0.7092198581560284,0.717741935483871,SWYP.tsv
200,250,0.757847533632287,0.7375886524822695,0.75,SWYP.tsv
250,282,0.8244897959183674,0.78125,0.8096514745308311,SWYP.tsv
