begin,end,s1_er_ratio,s2_er_ratio,er_ratio_average,file
0,50,0.3417085427135678,0.26785714285714285,0.3254901960784314,SXCU.tsv
50,100,0.37058823529411766,0.7760416666666666,0.48148148148148145,SXCU.tsv
100,150,0.5766016713091922,0.7259615384615384,0.6313932980599647,SXCU.tsv
150,193,0.7096774193548387,0.7365269461077845,0.7236024844720497,SXCU.tsv
