begin,end,s1_er_ratio,s2_er_ratio,er_ratio_average,file
0,50,0.37850467289719625,0.38323353293413176,0.3805774278215223,SXXN.tsv
50,100,0.5992063492063492,0.6408839779005525,0.6166281755196305,SXXN.tsv
100,150,0.6406926406926406,0.6705882352941176,0.6533665835411472,SXXN.tsv
150,200,0.7260869565217392,0.6949152542372882,0.7125307125307125,SXXN.tsv
200,250,0.7169811320754716,0.7628205128205128,0.7364130434782609,SXXN.tsv
250,300,0.7083333333333334,0.7132867132867133,0.7106109324758842,SXXN.tsv
300,350,0.7575757575757576,0.7513513513513513,0.7548076923076923,SXXN.tsv
350,400,0.7267080745341615,0.8448275862068966,0.8074656188605108,SXXN.tsv
400,433,0.7777777777777778,0.8070175438596491,0.7922077922077922,SXXN.tsv
