speaker1,speaker1_token_number,speaker1_expression_token_number,speaker1_expression_number,speaker1_er_ratio,speaker2,speaker2_token_number,speaker2_expression_token_number,speaker2_expression_number,speaker2_er_ratio,speaker3,speaker3_token_number,speaker3_expression_token_number,speaker3_expression_number,speaker3_er_ratio,speaker4,speaker4_token_number,speaker4_expression_token_number,speaker4_expression_number,speaker4_er_ratio,total_token_number,total_er_token_number,av_er_ratio,total_er_number,begin,end,file
S0339,139,70,61,0.5035971223021583,S0338,145,45,42,0.3103448275862069,S0337,74,30,26,0.40540540540540543,S0336,19,11,8,0.5789473684210527,377,156,0.41379310344827586,137,0,50,S67P.tsv
S0339,91,33,29,0.3626373626373626,S0338,46,21,18,0.45652173913043476,S0337,92,27,26,0.29347826086956524,S0336,41,15,14,0.36585365853658536,270,96,0.35555555555555557,87,50,100,S67P.tsv
S0339,35,13,13,0.37142857142857144,S0338,76,4,4,0.05263157894736842,S0337,89,44,38,0.4943820224719101,S0336,77,36,31,0.4675324675324675,277,97,0.35018050541516244,86,100,150,S67P.tsv
S0339,78,38,32,0.48717948717948717,S0338,66,20,20,0.30303030303030304,S0337,99,37,35,0.37373737373737376,S0336,54,16,14,0.2962962962962963,297,111,0.37373737373737376,101,150,200,S67P.tsv
S0339,97,35,30,0.36082474226804123,S0338,124,60,53,0.4838709677419355,S0337,78,23,22,0.2948717948717949,S0336,22,13,9,0.5909090909090909,321,131,0.40809968847352024,114,200,250,S67P.tsv
S0339,132,55,45,0.4166666666666667,S0338,179,56,47,0.3128491620111732,S0337,46,25,20,0.5434782608695652,S0336,3,3,3,1.0,360,139,0.3861111111111111,115,250,300,S67P.tsv
S0339,406,96,87,0.23645320197044334,S0338,0,0,0,0.0,S0337,69,33,30,0.4782608695652174,S0336,27,8,6,0.2962962962962963,502,137,0.2729083665338645,123,300,350,S67P.tsv
S0339,134,53,52,0.39552238805970147,S0338,39,18,17,0.46153846153846156,S0337,50,19,18,0.38,S0336,8,4,4,0.5,231,94,0.4069264069264069,91,350,393,S67P.tsv
