speaker1,speaker1_token_number,speaker1_expression_token_number,speaker1_expression_number,speaker1_er_ratio,speaker2,speaker2_token_number,speaker2_expression_token_number,speaker2_expression_number,speaker2_er_ratio,speaker3,speaker3_token_number,speaker3_expression_token_number,speaker3_expression_number,speaker3_er_ratio,speaker4,speaker4_token_number,speaker4_expression_token_number,speaker4_expression_number,speaker4_er_ratio,total_token_number,total_er_token_number,av_er_ratio,total_er_number,begin,end,file
S0653,34,4,3,0.11764705882352941,S0655,343,63,60,0.1836734693877551,S0654,27,12,8,0.4444444444444444,S0652,118,75,53,0.635593220338983,522,154,0.2950191570881226,124,0,50,SN2C.tsv
S0653,69,40,34,0.5797101449275363,S0655,1,1,1,1.0,S0654,194,96,76,0.4948453608247423,S0652,66,7,7,0.10606060606060606,330,144,0.43636363636363634,118,50,100,SN2C.tsv
S0653,96,39,39,0.40625,S0655,42,30,24,0.7142857142857143,S0654,162,45,40,0.2777777777777778,S0652,12,5,3,0.4166666666666667,312,119,0.3814102564102564,106,100,150,SN2C.tsv
S0653,250,110,93,0.44,S0655,5,1,1,0.2,S0654,83,3,2,0.03614457831325301,S0652,69,26,22,0.37681159420289856,407,140,0.343980343980344,118,150,200,SN2C.tsv
S0653,190,60,54,0.3157894736842105,S0655,0,0,0,0.0,S0654,38,7,6,0.18421052631578946,S0652,44,20,16,0.45454545454545453,272,87,0.31985294117647056,76,200,226,SN2C.tsv
