speaker_number,vo_overlap,vo_total,total_token_number,overlap,s1_and_other,s2_and_other,s3_and_other,begin,end,file
3,37,152,351,0.08114035087719298,18,16,3,0,50,SJ2E.tsv
3,78,241,713,0.1078838174273859,35,30,13,0,100,SJ2E.tsv
3,126,341,1142,0.12316715542521994,57,43,26,0,150,SJ2E.tsv
3,184,398,1593,0.1541038525963149,81,70,33,0,200,SJ2E.tsv
3,241,461,2070,0.1742588575560376,100,87,54,0,250,SJ2E.tsv
3,285,493,2429,0.1926977687626775,118,104,63,0,300,SJ2E.tsv
3,330,531,2792,0.2071563088512241,135,117,78,0,350,SJ2E.tsv
3,369,572,3140,0.21503496503496503,152,127,90,0,383,SJ2E.tsv
