speaker_number,vo_overlap,vo_total,total_token_number,overlap,s1_and_other,s2_and_other,s3_and_other,begin,end,file
3,51,145,410,0.11724137931034483,17,17,17,0,50,SK3P.tsv
3,103,218,766,0.15749235474006115,32,30,41,0,100,SK3P.tsv
3,150,273,1159,0.18315018315018314,48,48,54,0,150,SK3P.tsv
3,240,382,1792,0.2094240837696335,87,73,80,0,200,SK3P.tsv
3,289,432,2148,0.22299382716049382,106,94,89,0,250,SK3P.tsv
3,342,545,3003,0.20917431192660552,128,107,107,0,300,SK3P.tsv
3,391,577,3361,0.22588099364529174,148,123,120,0,332,SK3P.tsv
