begin,end,s1_er_ratio,s2_er_ratio,er_ratio_average,file
0,50,0.15849056603773584,0.3389830508474576,0.23076923076923078,S3RL.tsv
50,100,0.2875,0.2733333333333333,0.27631578947368424,S3RL.tsv
100,150,0.3697478991596639,0.32432432432432434,0.3386243386243386,S3RL.tsv
150,200,0.55,0.3312883435582822,0.3901345291479821,S3RL.tsv
200,250,0.42727272727272725,0.35094339622641507,0.37333333333333335,S3RL.tsv
250,300,0.5659722222222222,0.481651376146789,0.5296442687747036,S3RL.tsv
300,347,0.532520325203252,0.6222222222222222,0.5643044619422573,S3RL.tsv
