begin,end,s1_er_ratio,s2_er_ratio,er_ratio_average,file
0,50,0.25,0.12582781456953643,0.18231046931407943,S5AA.tsv
50,100,0.4279475982532751,0.3695652173913043,0.39869281045751637,S5AA.tsv
100,126,0.32222222222222224,0.4050632911392405,0.34097421203438394,S5AA.tsv
