begin,end,s1_er_ratio,s2_er_ratio,er_ratio_average,file
0,50,0.016885553470919325,0.34408602150537637,0.06549520766773163,S7Z8.tsv
50,100,0.1794871794871795,0.415929203539823,0.2662337662337662,S7Z8.tsv
100,150,0.23121387283236994,0.4351145038167939,0.3190789473684211,S7Z8.tsv
150,200,0.3224932249322493,0.5274725274725275,0.39019963702359345,S7Z8.tsv
200,250,0.33251231527093594,0.5231788079470199,0.38420107719928187,S7Z8.tsv
250,300,0.3791208791208791,0.4827586206896552,0.4297752808988764,S7Z8.tsv
300,350,0.5684210526315789,0.5398230088495575,0.5577557755775577,S7Z8.tsv
350,358,0.325,0.3333333333333333,0.3275862068965517,S7Z8.tsv
