begin,end,s1_er_ratio,s2_er_ratio,er_ratio_average,file
0,50,0.12608695652173912,0.11707317073170732,0.12183908045977011,S9G2.tsv
50,100,0.2786885245901639,0.3134978229317852,0.30439442658092175,S9G2.tsv
100,150,0.4645390070921986,0.32132963988919666,0.3615537848605578,S9G2.tsv
150,200,0.41798941798941797,0.4155405405405405,0.41649484536082476,S9G2.tsv
200,250,0.5406698564593302,0.34555984555984554,0.4016506189821183,S9G2.tsv
250,300,0.48828125,0.3847487001733102,0.41656662665066024,S9G2.tsv
300,350,0.5678391959798995,0.48404255319148937,0.5271317829457365,S9G2.tsv
350,370,0.5454545454545454,0.48936170212765956,0.5221238938053098,S9G2.tsv
