begin,end,s1_er_ratio,s2_er_ratio,er_ratio_average,file
0,50,0.16346153846153846,0.22448979591836735,0.18700787401574803,S9KS.tsv
50,100,0.3745173745173745,0.2831858407079646,0.3319587628865979,S9KS.tsv
100,150,0.3323353293413174,0.43783783783783786,0.3699421965317919,S9KS.tsv
150,200,0.41841004184100417,0.46258503401360546,0.4288,S9KS.tsv
200,250,0.3590733590733591,0.5485714285714286,0.43548387096774194,S9KS.tsv
250,300,0.4158878504672897,0.5515695067264574,0.4851258581235698,S9KS.tsv
300,350,0.5174129353233831,0.6228813559322034,0.5743707093821511,S9KS.tsv
350,368,0.5504587155963303,0.5490196078431373,0.5497630331753555,S9KS.tsv
