begin,end,s1_er_ratio,s2_er_ratio,er_ratio_average,file
0,50,0.30412371134020616,0.12348178137651822,0.1744186046511628,S9S8.tsv
50,100,0.40119760479041916,0.23003194888178913,0.28958333333333336,S9S8.tsv
100,150,0.39502762430939226,0.35064935064935066,0.3817829457364341,S9S8.tsv
150,200,0.42084168336673344,0.4517766497461929,0.4295977011494253,S9S8.tsv
200,250,0.4827586206896552,0.491869918699187,0.4874476987447699,S9S8.tsv
250,299,0.42857142857142855,0.5422535211267606,0.4831081081081081,S9S8.tsv
