begin,end,s1_er_ratio,s2_er_ratio,er_ratio_average,file
0,50,0.06060606060606061,0.125,0.07836990595611286,SA9T.tsv
50,100,0.2805755395683453,0.22070844686648503,0.23715415019762845,SA9T.tsv
100,150,0.42063492063492064,0.26865671641791045,0.327217125382263,SA9T.tsv
150,200,0.42702702702702705,0.3958333333333333,0.4133738601823708,SA9T.tsv
200,207,0.8,0.21739130434782608,0.32142857142857145,SA9T.tsv
