begin,end,s1_er_ratio,s2_er_ratio,er_ratio_average,file
0,50,0.2617801047120419,0.17562724014336917,0.21063829787234042,SAFZ.tsv
50,100,0.2925170068027211,0.22910216718266255,0.24893617021276596,SAFZ.tsv
100,150,0.51931330472103,0.29,0.3902439024390244,SAFZ.tsv
150,200,0.49390243902439024,0.31521739130434784,0.37030075187969924,SAFZ.tsv
200,250,0.5792349726775956,0.39294117647058824,0.44901315789473684,SAFZ.tsv
250,274,0.7352941176470589,0.42105263157894735,0.5104602510460251,SAFZ.tsv
