begin,end,s1_er_ratio,s2_er_ratio,er_ratio_average,file
0,50,0.3404255319148936,0.2236842105263158,0.2682926829268293,SD68.tsv
50,100,0.42830540037243947,0.4694835680751174,0.446521287642783,SD68.tsv
100,150,0.5461956521739131,0.398981324278438,0.4555903866248694,SD68.tsv
150,200,0.5981308411214953,0.4900351699882767,0.5195911413969335,SD68.tsv
200,237,0.5545023696682464,0.5476190476190477,0.55125,SD68.tsv
