begin,end,s1_er_ratio,s2_er_ratio,er_ratio_average,file
0,50,0.16071428571428573,0.12389380530973451,0.14222222222222222,SHJH.tsv
50,100,0.32456140350877194,0.16883116883116883,0.22028985507246376,SHJH.tsv
100,150,0.24812030075187969,0.25906735751295334,0.254601226993865,SHJH.tsv
150,200,0.3630952380952381,0.3523489932885906,0.3562231759656652,SHJH.tsv
200,250,0.38738738738738737,0.3937007874015748,0.3917808219178082,SHJH.tsv
250,300,0.5089820359281437,0.46285714285714286,0.4853801169590643,SHJH.tsv
300,350,0.4801980198019802,0.3763440860215054,0.43041237113402064,SHJH.tsv
350,353,0.5555555555555556,0.5,0.5454545454545454,SHJH.tsv
