begin,end,s1_er_ratio,s2_er_ratio,er_ratio_average,file
0,50,0.09876543209876543,0.10828025477707007,0.10504201680672269,SNQB.tsv
50,100,0.2356687898089172,0.23696682464454977,0.2361904761904762,SNQB.tsv
100,150,0.35714285714285715,0.39568345323741005,0.3643724696356275,SNQB.tsv
150,200,0.3347826086956522,0.38857142857142857,0.34566473988439306,SNQB.tsv
200,250,0.3530751708428246,0.5064935064935064,0.375968992248062,SNQB.tsv
250,300,0.3869653767820774,0.5766423357664233,0.428343949044586,SNQB.tsv
300,350,0.5855855855855856,0.5470085470085471,0.5722713864306784,SNQB.tsv
350,363,0.6037735849056604,0.6296296296296297,0.6125,SNQB.tsv
