begin,end,s1_er_ratio,s2_er_ratio,er_ratio_average,file
0,50,0.11857707509881422,0.14634146341463414,0.1276595744680851,SY8A.tsv
50,100,0.26993865030674846,0.26291079812206575,0.26595744680851063,SY8A.tsv
100,150,0.28185328185328185,0.365,0.31808278867102396,SY8A.tsv
150,200,0.35406698564593303,0.3333333333333333,0.34662576687116564,SY8A.tsv
200,227,0.35542168674698793,0.46,0.37962962962962965,SY8A.tsv
