begin,end,s1_er_ratio,s2_er_ratio,er_ratio_average,file
0,50,0.25290697674418605,0.34285714285714286,0.2739420935412027,S29X.tsv
50,100,0.4198895027624309,0.3865546218487395,0.4009546539379475,S29X.tsv
100,150,0.42134831460674155,0.425,0.423444976076555,S29X.tsv
150,200,0.09090909090909091,0.37142857142857144,0.15384615384615385,S29X.tsv
200,250,0.27607361963190186,0.43356643356643354,0.34967320261437906,S29X.tsv
250,300,0.3466666666666667,0.32098765432098764,0.33078880407124683,S29X.tsv
300,326,0.36,0.2,0.3,S29X.tsv
