begin,end,s1_er_ratio,s2_er_ratio,er_ratio_average,file
0,50,0.3424657534246575,0.3161764705882353,0.33532934131736525,S2CY.tsv
50,100,0.24647887323943662,0.34177215189873417,0.26721763085399447,S2CY.tsv
100,150,0.3368055555555556,0.3563218390804598,0.34415584415584416,S2CY.tsv
150,200,0.5144508670520231,0.3006134969325153,0.4107142857142857,S2CY.tsv
200,250,0.2334293948126801,0.5408163265306123,0.30112359550561796,S2CY.tsv
250,295,0.2489451476793249,0.3425925925925926,0.2782608695652174,S2CY.tsv
