begin,end,s1_er_ratio,s2_er_ratio,er_ratio_average,file
0,50,0.5299145299145299,0.3117283950617284,0.4032258064516129,S2K6.tsv
50,100,0.449438202247191,0.3227848101265823,0.4023529411764706,S2K6.tsv
100,150,0.4113636363636364,0.5419354838709678,0.4653333333333333,S2K6.tsv
150,200,0.4827586206896552,0.38961038961038963,0.43233743409490333,S2K6.tsv
200,208,0.04,0.25,0.1509433962264151,S2K6.tsv
