begin,end,s1_er_ratio,s2_er_ratio,er_ratio_average,file
0,50,0.3595505617977528,0.35555555555555557,0.35887850467289717,S36Z.tsv
50,100,0.2188034188034188,0.5428571428571428,0.2813793103448276,S36Z.tsv
100,150,0.34901960784313724,0.39285714285714285,0.3695198329853862,S36Z.tsv
150,200,0.3915094339622642,0.3888888888888889,0.39037433155080214,S36Z.tsv
200,250,0.32673267326732675,0.3870967741935484,0.3496932515337423,S36Z.tsv
250,300,0.23102310231023102,0.5478260869565217,0.3181818181818182,S36Z.tsv
300,338,0.28654970760233917,0.39,0.3247232472324723,S36Z.tsv
