begin,end,s1_er_ratio,s2_er_ratio,er_ratio_average,file
0,50,0.4801587301587302,0.33774834437086093,0.40252707581227437,S5AA.tsv
50,100,0.5283842794759825,0.23478260869565218,0.3812636165577342,S5AA.tsv
100,126,0.37777777777777777,0.2911392405063291,0.35816618911174786,S5AA.tsv
