begin,end,s1_er_ratio,s2_er_ratio,er_ratio_average,file
0,50,0.3147208121827411,0.5614035087719298,0.3700787401574803,S66E.tsv
50,100,0.4434389140271493,0.4404332129963899,0.44176706827309237,S66E.tsv
100,150,0.23333333333333334,0.43630573248407645,0.3706896551724138,S66E.tsv
150,200,0.3935483870967742,0.6518987341772152,0.4807692307692308,S66E.tsv
200,250,0.4968152866242038,0.4772727272727273,0.48788927335640137,S66E.tsv
250,300,0.5056689342403629,0.38,0.4602026049204052,S66E.tsv
300,350,0.41956882255389716,0.362962962962963,0.4092140921409214,S66E.tsv
350,400,0.49606299212598426,0.31718061674008813,0.3813559322033898,S66E.tsv
400,448,0.5214723926380368,0.18041237113402062,0.33613445378151263,S66E.tsv
