begin,end,s1_er_ratio,s2_er_ratio,er_ratio_average,file
0,50,0.1863799283154122,0.5925925925925926,0.2891566265060241,S6AP.tsv
50,100,0.3814814814814815,0.5247148288973384,0.4521575984990619,S6AP.tsv
100,150,0.33884297520661155,0.4410958904109589,0.400329489291598,S6AP.tsv
150,200,0.4608294930875576,0.37815126050420167,0.43154761904761907,S6AP.tsv
200,250,0.20412371134020618,0.59375,0.28548123980424145,S6AP.tsv
250,300,0.4251968503937008,0.43463497453310695,0.4309278350515464,S6AP.tsv
300,350,0.41139240506329117,0.27076923076923076,0.3167701863354037,S6AP.tsv
350,375,0.449438202247191,0.20270270270270271,0.2733118971061093,S6AP.tsv
