begin,end,s1_er_ratio,s2_er_ratio,er_ratio_average,file
0,50,0.4375,0.3968565815324165,0.4072992700729927,S7K2.tsv
50,100,0.6672077922077922,0.25,0.41952506596306066,S7K2.tsv
100,150,0.6224489795918368,0.14342629482071714,0.19858989424206816,S7K2.tsv
150,200,0.4293193717277487,0.27007299270072993,0.33548387096774196,S7K2.tsv
200,250,0.3639240506329114,0.5573122529644269,0.4829683698296837,S7K2.tsv
250,300,0.13989637305699482,0.5753424657534246,0.18865030674846625,S7K2.tsv
300,320,0.2102803738317757,0.45652173913043476,0.25384615384615383,S7K2.tsv
