begin,end,s1_er_ratio,s2_er_ratio,er_ratio_average,file
0,50,0.06807131280388978,0.7037037037037037,0.11922503725782414,S7S2.tsv
50,100,0.13824057450628366,0.6324110671936759,0.4569789674952199,S7S2.tsv
100,150,0.32781456953642385,0.5178571428571429,0.41924398625429554,S7S2.tsv
150,200,0.5736040609137056,0.3165137614678899,0.39652448657187994,S7S2.tsv
200,250,0.48695652173913045,0.4588235294117647,0.472992700729927,S7S2.tsv
250,292,0.44648318042813456,0.4304635761589404,0.44142259414225943,S7S2.tsv
