begin,end,s1_er_ratio,s2_er_ratio,er_ratio_average,file
0,50,0.2890625,0.5209125475285171,0.40655105973025046,S8S2.tsv
50,100,0.20821114369501467,0.6236559139784946,0.29723502304147464,S8S2.tsv
100,150,0.28083209509658247,0.5298507462686567,0.322180916976456,S8S2.tsv
150,200,0.3023255813953488,0.31932773109243695,0.30927835051546393,S8S2.tsv
200,250,0.4044943820224719,0.4405594405594406,0.4205607476635514,S8S2.tsv
250,268,0.13043478260869565,0.275,0.17424242424242425,S8S2.tsv
