begin,end,s1_er_ratio,s2_er_ratio,er_ratio_average,file
0,50,0.46172248803827753,0.43568464730290457,0.45220030349013657,SAZ8.tsv
50,100,0.31203931203931207,0.46875,0.3622704507512521,SAZ8.tsv
100,150,0.2037533512064343,0.4117647058823529,0.22113022113022113,SAZ8.tsv
150,200,0.2746835443037975,0.6161616161616161,0.3431174089068826,SAZ8.tsv
200,250,0.3866396761133603,0.5049019607843137,0.42120343839541546,SAZ8.tsv
250,300,0.4009111617312073,0.4579831932773109,0.42097488921713444,SAZ8.tsv
300,323,0.10810810810810811,0.3409090909090909,0.16145833333333334,SAZ8.tsv
