begin,end,s1_er_ratio,s2_er_ratio,er_ratio_average,file
0,50,0.13245033112582782,0.5161290322580645,0.1786407766990291,SC6N.tsv
50,100,0.4031413612565445,0.4574468085106383,0.43915343915343913,SC6N.tsv
100,150,0.4485294117647059,0.42237061769616024,0.4272108843537415,SC6N.tsv
150,169,0.36363636363636365,0.23404255319148937,0.26337448559670784,SC6N.tsv
