begin,end,s1_er_ratio,s2_er_ratio,er_ratio_average,file
0,50,0.37894736842105264,0.581151832460733,0.48031496062992124,SD62.tsv
50,100,0.39322033898305087,0.4744897959183674,0.4256619144602851,SD62.tsv
100,150,0.5306122448979592,0.3157894736842105,0.41975308641975306,SD62.tsv
150,200,0.37216828478964403,0.5555555555555556,0.45768566493955093,SD62.tsv
200,250,0.39002932551319647,0.4080717488789238,0.3971631205673759,SD62.tsv
250,300,0.40160642570281124,0.39730639730639733,0.3992673992673993,SD62.tsv
300,350,0.33047210300429186,0.29245283018867924,0.3185840707964602,SD62.tsv
350,362,0.23170731707317074,0.15517241379310345,0.2,SD62.tsv
