begin,end,s1_er_ratio,s2_er_ratio,er_ratio_average,file
0,50,0.3114754098360656,0.1577424023154848,0.1702127659574468,SDEX.tsv
50,100,0.12903225806451613,0.007772020725388601,0.016786570743405275,SDEX.tsv
100,150,0.1891891891891892,0.0034965034965034965,0.02476780185758514,SDEX.tsv
150,200,0.3380281690140845,0.2937062937062937,0.3025210084033613,SDEX.tsv
200,250,0.5454545454545454,0.0703125,0.15434083601286175,SDEX.tsv
250,300,0.178743961352657,0.4540540540540541,0.3086734693877551,SDEX.tsv
300,350,0.08571428571428572,0.02558139534883721,0.030107526881720432,SDEX.tsv
350,400,0.37209302325581395,0.28695652173913044,0.310126582278481,SDEX.tsv
400,429,0.27586206896551724,0.13846153846153847,0.21710526315789475,SDEX.tsv
