begin,end,s1_er_ratio,s2_er_ratio,er_ratio_average,file
0,50,0.2876404494382023,0.39285714285714285,0.30434782608695654,SDFR.tsv
50,100,0.38769230769230767,0.45549738219895286,0.4127906976744186,SDFR.tsv
100,150,0.4861751152073733,0.5678391959798995,0.5118483412322274,SDFR.tsv
150,200,0.4502487562189055,0.4085106382978723,0.434850863422292,SDFR.tsv
200,250,0.46060606060606063,0.38613861386138615,0.41239316239316237,SDFR.tsv
250,300,0.45302013422818793,0.3241106719367589,0.3938294010889292,SDFR.tsv
300,337,0.34838709677419355,0.291970802919708,0.3219178082191781,SDFR.tsv
