begin,end,s1_er_ratio,s2_er_ratio,er_ratio_average,file
0,50,0.22784810126582278,0.40625,0.3324607329842932,SDWT.tsv
50,100,0.46875,0.2131782945736434,0.2979274611398964,SDWT.tsv
100,150,0.4232558139534884,0.3575757575757576,0.39473684210526316,SDWT.tsv
150,200,0.39090909090909093,0.32116788321167883,0.3411458333333333,SDWT.tsv
200,250,0.5263157894736842,0.34256055363321797,0.3945409429280397,SDWT.tsv
250,300,0.2876712328767123,0.3557692307692308,0.327683615819209,SDWT.tsv
300,350,0.4659090909090909,0.2066326530612245,0.25416666666666665,SDWT.tsv
350,400,0.37593984962406013,0.41338582677165353,0.4005167958656331,SDWT.tsv
400,401,0.0,0.0,0.0,SDWT.tsv
