begin,end,s1_er_ratio,s2_er_ratio,er_ratio_average,file
0,50,0.4140127388535032,0.37727272727272726,0.3925729442970822,SECU.tsv
50,100,0.38961038961038963,0.5440613026819924,0.46045694200351495,SECU.tsv
100,150,0.48466257668711654,0.3333333333333333,0.3974025974025974,SECU.tsv
150,200,0.36807817589576547,0.3776223776223776,0.37268128161888703,SECU.tsv
200,250,0.5,0.34987593052109184,0.3955094991364421,SECU.tsv
250,300,0.44680851063829785,0.41541353383458646,0.4236111111111111,SECU.tsv
300,318,0.22666666666666666,0.2318840579710145,0.22916666666666666,SECU.tsv
