begin,end,s1_er_ratio,s2_er_ratio,er_ratio_average,file
0,50,0.4876543209876543,0.3663594470046083,0.39932885906040266,SH9T.tsv
50,100,0.5399239543726235,0.38950276243093923,0.4528,SH9T.tsv
100,150,0.39823008849557523,0.4355400696864111,0.4191033138401559,SH9T.tsv
150,200,0.5060240963855421,0.326984126984127,0.3887733887733888,SH9T.tsv
200,200,0.0,0.0,0.0,SH9T.tsv
