begin,end,s1_er_ratio,s2_er_ratio,er_ratio_average,file
0,50,0.38621794871794873,0.49171270718232046,0.4249492900608519,SJJK.tsv
50,100,0.5063291139240507,0.4759284731774415,0.48792672772689427,SJJK.tsv
100,150,0.6423982869379015,0.4692028985507246,0.5206874602164226,SJJK.tsv
150,200,0.46190476190476193,0.4640804597701149,0.4632616487455197,SJJK.tsv
200,250,0.6049382716049383,0.3262316910785619,0.4102325581395349,SJJK.tsv
250,300,0.5050675675675675,0.528046421663443,0.5157799819657349,SJJK.tsv
300,350,0.47379454926624737,0.5076660988074957,0.4924812030075188,SJJK.tsv
350,400,0.4668094218415418,0.48342059336823734,0.47596153846153844,SJJK.tsv
400,410,0.2,0.13953488372093023,0.1509433962264151,SJJK.tsv
