begin,end,s1_er_ratio,s2_er_ratio,er_ratio_average,file
0,50,0.43010752688172044,0.42911877394636017,0.42953020134228187,SJLP.tsv
50,100,0.4955223880597015,0.37593984962406013,0.46153846153846156,SJLP.tsv
100,150,0.35172413793103446,0.5142857142857142,0.38333333333333336,SJLP.tsv
150,200,0.45819397993311034,0.41263940520446096,0.43661971830985913,SJLP.tsv
200,250,0.4728682170542636,0.3014705882352941,0.3566084788029925,SJLP.tsv
250,287,0.5528455284552846,0.3125,0.39050131926121373,SJLP.tsv
