begin,end,s1_er_ratio,s2_er_ratio,er_ratio_average,file
0,50,0.34801762114537443,0.4451219512195122,0.3887468030690537,SKJ4.tsv
50,100,0.40229885057471265,0.21739130434782608,0.30726256983240224,SKJ4.tsv
100,150,0.24855491329479767,0.4946808510638298,0.3767313019390582,SKJ4.tsv
150,200,0.3617021276595745,0.1935483870967742,0.2359249329758713,SKJ4.tsv
200,250,0.4444444444444444,0.32616487455197135,0.3527777777777778,SKJ4.tsv
250,274,0.24390243902439024,0.36538461538461536,0.3235294117647059,SKJ4.tsv
