begin,end,s1_er_ratio,s2_er_ratio,er_ratio_average,file
0,50,0.46629213483146065,0.3333333333333333,0.38687782805429866,SKYV.tsv
50,100,0.4902597402597403,0.34983498349834985,0.4206219312602291,SKYV.tsv
100,150,0.40988372093023256,0.39896373056994816,0.4059590316573557,SKYV.tsv
150,200,0.3763440860215054,0.23204419889502761,0.30517711171662126,SKYV.tsv
200,250,0.31448763250883394,0.4315068493150685,0.3543123543123543,SKYV.tsv
250,300,0.39452054794520547,0.535031847133758,0.4367816091954023,SKYV.tsv
300,333,0.2440944881889764,0.2682926829268293,0.256,SKYV.tsv
