begin,end,s1_er_ratio,s2_er_ratio,er_ratio_average,file
0,50,0.36363636363636365,0.34916201117318435,0.35306122448979593,SPTQ.tsv
50,100,0.4520547945205479,0.369472182596291,0.3837072018890201,SPTQ.tsv
100,150,0.47904191616766467,0.34502923976608185,0.3889980353634578,SPTQ.tsv
150,200,0.41621621621621624,0.40454545454545454,0.40987654320987654,SPTQ.tsv
200,250,0.4972677595628415,0.48148148148148145,0.48495788206979545,SPTQ.tsv
250,300,0.4740740740740741,0.23469387755102042,0.3323262839879154,SPTQ.tsv
300,350,0.45132743362831856,0.29411764705882354,0.33651551312649164,SPTQ.tsv
350,359,0.10869565217391304,0.11764705882352941,0.1111111111111111,SPTQ.tsv
