begin,end,s1_er_ratio,s2_er_ratio,er_ratio_average,file
0,50,0.36427566807313644,0.6237942122186495,0.4432485322896282,SXBE.tsv
50,100,0.42857142857142855,0.5182795698924731,0.4698318496538081,SXBE.tsv
100,150,0.6094890510948905,0.20774647887323944,0.4050179211469534,SXBE.tsv
150,200,0.5842956120092379,0.41317365269461076,0.4925053533190578,SXBE.tsv
200,243,0.4211764705882353,0.4293193717277487,0.4237012987012987,SXBE.tsv
