begin,end,s1_er_ratio,s2_er_ratio,er_ratio_average,file
0,50,0.4973821989528796,0.3686635944700461,0.42892156862745096,SXFR.tsv
50,100,0.2677595628415301,0.36507936507936506,0.3074433656957929,SXFR.tsv
100,150,0.5466666666666666,0.39361702127659576,0.46153846153846156,SXFR.tsv
150,200,0.33116883116883117,0.5503875968992248,0.39588100686498856,SXFR.tsv
200,250,0.2535211267605634,0.4264705882352941,0.3381294964028777,SXFR.tsv
250,269,0.328125,0.2777777777777778,0.3050847457627119,SXFR.tsv
