begin,end,s1_er_ratio,s2_er_ratio,er_ratio_average,file
0,50,0.27149321266968324,0.4507042253521127,0.3415977961432507,SZAZ.tsv
50,100,0.4957627118644068,0.1415929203539823,0.3225108225108225,SZAZ.tsv
100,150,0.24537037037037038,0.4690721649484536,0.35121951219512193,SZAZ.tsv
150,200,0.4845360824742268,0.45569620253164556,0.4695222405271829,SZAZ.tsv
200,250,0.4827586206896552,0.35904255319148937,0.40241796200345425,SZAZ.tsv
250,263,0.38461538461538464,0.0979020979020979,0.17435897435897435,SZAZ.tsv
