begin,end,s1_er_ratio,s2_er_ratio,er_ratio_average,file
0,50,0.3047619047619048,0.33014354066985646,0.31742243436754175,SZT4.tsv
50,100,0.4483985765124555,0.3467741935483871,0.41728395061728396,SZT4.tsv
100,150,0.3018867924528302,0.07166123778501629,0.10555555555555556,SZT4.tsv
150,200,0.44191919191919193,0.37155963302752293,0.4169381107491857,SZT4.tsv
200,250,0.28431372549019607,0.5082644628099173,0.38321167883211676,SZT4.tsv
250,300,0.08494208494208494,0.5545454545454546,0.30062630480167013,SZT4.tsv
300,350,0.28776978417266186,0.2732919254658385,0.28,SZT4.tsv
350,397,0.31351351351351353,0.27380952380952384,0.30111524163568776,SZT4.tsv
