speaker1,speaker1_token_number,speaker1_expression_token_number,speaker1_expression_number,speaker1_er_ratio,speaker2,speaker2_token_number,speaker2_expression_token_number,speaker2_expression_number,speaker2_er_ratio,speaker3,speaker3_token_number,speaker3_expression_token_number,speaker3_expression_number,speaker3_er_ratio,total_token_number,total_er_token_number,av_er_ratio,total_er_number,begin,end,file
S0653,131,30,21,0.22900763358778625,S0655,57,5,4,0.08771929824561403,S0654,133,15,9,0.11278195488721804,321,50,0.1557632398753894,34,0,50,S7WR.tsv
S0653,223,30,20,0.13452914798206278,S0655,41,5,4,0.12195121951219512,S0654,319,61,40,0.19122257053291536,583,96,0.1646655231560892,64,50,100,S7WR.tsv
S0653,78,18,10,0.23076923076923078,S0655,72,17,10,0.2361111111111111,S0654,228,22,14,0.09649122807017543,378,57,0.15079365079365079,34,100,150,S7WR.tsv
S0653,106,20,15,0.18867924528301888,S0655,378,53,36,0.1402116402116402,S0654,93,17,10,0.1827956989247312,577,90,0.1559792027729636,61,150,200,S7WR.tsv
S0653,108,16,11,0.14814814814814814,S0655,64,6,5,0.09375,S0654,87,36,17,0.41379310344827586,259,58,0.22393822393822393,33,200,245,S7WR.tsv
