speaker1,speaker1_token_number,speaker1_expression_token_number,speaker1_expression_number,speaker1_er_ratio,speaker2,speaker2_token_number,speaker2_expression_token_number,speaker2_expression_number,speaker2_er_ratio,speaker3,speaker3_token_number,speaker3_expression_token_number,speaker3_expression_number,speaker3_er_ratio,total_token_number,total_er_token_number,av_er_ratio,total_er_number,begin,end,file
S0631,219,51,36,0.2328767123287671,S0632,114,33,24,0.2894736842105263,S0635,216,38,30,0.17592592592592593,549,122,0.2222222222222222,90,0,50,SFC2.tsv
S0631,164,21,18,0.12804878048780488,S0632,213,28,22,0.13145539906103287,S0635,90,29,21,0.32222222222222224,467,78,0.1670235546038544,61,50,100,SFC2.tsv
S0631,139,27,18,0.19424460431654678,S0632,160,29,20,0.18125,S0635,128,14,11,0.109375,427,70,0.16393442622950818,49,100,150,SFC2.tsv
S0631,103,8,7,0.07766990291262135,S0632,220,27,20,0.12272727272727273,S0635,20,3,2,0.15,343,38,0.11078717201166181,29,150,191,SFC2.tsv
