speaker1,speaker1_token_number,speaker1_expression_token_number,speaker1_expression_number,speaker1_er_ratio,speaker2,speaker2_token_number,speaker2_expression_token_number,speaker2_expression_number,speaker2_er_ratio,speaker3,speaker3_token_number,speaker3_expression_token_number,speaker3_expression_number,speaker3_er_ratio,total_token_number,total_er_token_number,av_er_ratio,total_er_number,begin,end,file
S0653,158,20,13,0.12658227848101267,S0654,183,32,23,0.17486338797814208,S0655,10,2,2,0.2,351,54,0.15384615384615385,38,0,50,SJ2E.tsv
S0653,176,32,23,0.18181818181818182,S0654,83,18,9,0.21686746987951808,S0655,103,15,10,0.14563106796116504,362,65,0.17955801104972377,42,50,100,SJ2E.tsv
S0653,276,22,18,0.07971014492753623,S0654,88,24,15,0.2727272727272727,S0655,65,11,5,0.16923076923076924,429,57,0.13286713286713286,38,100,150,SJ2E.tsv
S0653,243,34,24,0.13991769547325103,S0654,198,37,22,0.18686868686868688,S0655,10,6,4,0.6,451,77,0.17073170731707318,50,150,200,SJ2E.tsv
S0653,247,18,13,0.0728744939271255,S0654,79,31,17,0.3924050632911392,S0655,151,52,35,0.3443708609271523,477,101,0.21174004192872117,65,200,250,SJ2E.tsv
S0653,95,22,14,0.23157894736842105,S0654,189,45,34,0.23809523809523808,S0655,75,15,11,0.2,359,82,0.22841225626740946,59,250,300,SJ2E.tsv
S0653,113,20,13,0.17699115044247787,S0654,156,38,23,0.24358974358974358,S0655,94,18,12,0.19148936170212766,363,76,0.209366391184573,48,300,350,SJ2E.tsv
S0653,264,22,12,0.08333333333333333,S0654,25,3,3,0.12,S0655,59,19,15,0.3220338983050847,348,44,0.12643678160919541,30,350,383,SJ2E.tsv
