speaker1,speaker1_token_number,speaker1_expression_token_number,speaker1_expression_number,speaker1_er_ratio,speaker2,speaker2_token_number,speaker2_expression_token_number,speaker2_expression_number,speaker2_er_ratio,speaker3,speaker3_token_number,speaker3_expression_token_number,speaker3_expression_number,speaker3_er_ratio,total_token_number,total_er_token_number,av_er_ratio,total_er_number,begin,end,file
S0653,127,34,14,0.2677165354330709,S0655,173,31,23,0.1791907514450867,S0654,110,35,20,0.3181818181818182,410,100,0.24390243902439024,57,0,50,SK3P.tsv
S0653,100,18,11,0.18,S0655,60,15,13,0.25,S0654,196,23,15,0.11734693877551021,356,56,0.15730337078651685,39,50,100,SK3P.tsv
S0653,128,28,17,0.21875,S0655,178,48,31,0.2696629213483146,S0654,87,25,18,0.28735632183908044,393,101,0.25699745547073793,66,100,150,SK3P.tsv
S0653,309,87,54,0.2815533980582524,S0655,151,33,17,0.2185430463576159,S0654,173,23,14,0.1329479768786127,633,143,0.2259083728278041,85,150,200,SK3P.tsv
S0653,184,20,14,0.10869565217391304,S0655,99,25,18,0.25252525252525254,S0654,73,6,5,0.0821917808219178,356,51,0.14325842696629212,37,200,250,SK3P.tsv
S0653,696,74,48,0.10632183908045977,S0655,83,37,20,0.4457831325301205,S0654,76,30,15,0.39473684210526316,855,141,0.1649122807017544,83,250,300,SK3P.tsv
S0653,206,29,20,0.1407766990291262,S0655,108,23,13,0.21296296296296297,S0654,44,14,8,0.3181818181818182,358,66,0.18435754189944134,41,300,332,SK3P.tsv
