speaker1,speaker1_token_number,speaker1_expression_token_number,speaker1_expression_number,speaker1_er_ratio,speaker2,speaker2_token_number,speaker2_expression_token_number,speaker2_expression_number,speaker2_er_ratio,speaker3,speaker3_token_number,speaker3_expression_token_number,speaker3_expression_number,speaker3_er_ratio,total_token_number,total_er_token_number,av_er_ratio,total_er_number,begin,end,file
S0417,178,19,15,0.10674157303370786,S0416,158,36,21,0.22784810126582278,S0418,3,0,0,0.0,339,55,0.16224188790560473,36,0,50,SR87.tsv
S0417,133,23,15,0.17293233082706766,S0416,372,48,37,0.12903225806451613,S0418,7,1,1,0.14285714285714285,512,72,0.140625,53,50,100,SR87.tsv
S0417,234,41,29,0.1752136752136752,S0416,160,42,27,0.2625,S0418,15,5,5,0.3333333333333333,409,88,0.21515892420537897,61,100,150,SR87.tsv
S0417,291,37,25,0.12714776632302405,S0416,63,13,9,0.20634920634920634,S0418,12,1,1,0.08333333333333333,366,51,0.13934426229508196,35,150,200,SR87.tsv
S0417,82,2,2,0.024390243902439025,S0416,59,9,9,0.15254237288135594,S0418,0,0,0,0.0,141,11,0.07801418439716312,11,200,209,SR87.tsv
