speaker1,speaker1_token_number,speaker1_expression_token_number,speaker1_expression_number,speaker1_er_ratio,speaker2,speaker2_token_number,speaker2_expression_token_number,speaker2_expression_number,speaker2_er_ratio,speaker3,speaker3_token_number,speaker3_expression_token_number,speaker3_expression_number,speaker3_er_ratio,total_token_number,total_er_token_number,av_er_ratio,total_er_number,begin,end,file
S0654,122,19,17,0.1557377049180328,S0653,207,22,14,0.10628019323671498,S0655,47,16,8,0.3404255319148936,376,57,0.15159574468085107,39,0,50,SUGV.tsv
S0654,125,29,11,0.232,S0653,218,42,21,0.1926605504587156,S0655,33,19,10,0.5757575757575758,376,90,0.2393617021276596,42,50,100,SUGV.tsv
S0654,81,35,24,0.43209876543209874,S0653,143,28,22,0.1958041958041958,S0655,80,30,14,0.375,304,93,0.3059210526315789,60,100,150,SUGV.tsv
S0654,140,39,31,0.2785714285714286,S0653,256,45,24,0.17578125,S0655,92,24,13,0.2608695652173913,488,108,0.22131147540983606,68,150,200,SUGV.tsv
S0654,70,20,13,0.2857142857142857,S0653,450,71,45,0.15777777777777777,S0655,169,69,44,0.40828402366863903,689,160,0.23222060957910015,102,200,250,SUGV.tsv
S0654,75,30,16,0.4,S0653,173,31,19,0.1791907514450867,S0655,127,39,27,0.30708661417322836,375,100,0.26666666666666666,62,250,300,SUGV.tsv
S0654,72,20,14,0.2777777777777778,S0653,222,28,19,0.12612612612612611,S0655,130,27,20,0.2076923076923077,424,75,0.17688679245283018,53,300,350,SUGV.tsv
S0654,31,4,1,0.12903225806451613,S0653,97,3,1,0.030927835051546393,S0655,18,7,3,0.3888888888888889,146,14,0.0958904109589041,5,350,370,SUGV.tsv
