speaker1,speaker1_token_number,speaker1_expression_token_number,speaker1_expression_number,speaker1_er_ratio,speaker2,speaker2_token_number,speaker2_expression_token_number,speaker2_expression_number,speaker2_er_ratio,speaker3,speaker3_token_number,speaker3_expression_token_number,speaker3_expression_number,speaker3_er_ratio,total_token_number,total_er_token_number,av_er_ratio,total_er_number,begin,end,file
S0551,232,33,26,0.14224137931034483,S0548,118,26,19,0.22033898305084745,S0549,62,29,14,0.46774193548387094,412,88,0.21359223300970873,59,0,50,SVLH.tsv
S0551,105,25,17,0.23809523809523808,S0548,199,40,29,0.20100502512562815,S0549,241,62,43,0.2572614107883817,545,127,0.23302752293577983,89,50,100,SVLH.tsv
S0551,165,37,19,0.22424242424242424,S0548,129,29,21,0.2248062015503876,S0549,129,10,6,0.07751937984496124,423,76,0.17966903073286053,46,100,150,SVLH.tsv
S0551,38,12,10,0.3157894736842105,S0548,129,19,13,0.14728682170542637,S0549,350,47,37,0.13428571428571429,517,78,0.15087040618955513,60,150,200,SVLH.tsv
S0551,91,11,8,0.12087912087912088,S0548,170,37,23,0.21764705882352942,S0549,343,66,46,0.1924198250728863,604,114,0.18874172185430463,77,200,250,SVLH.tsv
S0551,191,32,22,0.16753926701570682,S0548,162,29,18,0.17901234567901234,S0549,83,13,10,0.1566265060240964,436,74,0.16972477064220184,50,250,300,SVLH.tsv
S0551,57,7,6,0.12280701754385964,S0548,79,15,10,0.189873417721519,S0549,320,41,34,0.128125,456,63,0.13815789473684212,50,300,350,SVLH.tsv
S0551,27,0,0,0.0,S0548,72,8,6,0.1111111111111111,S0549,70,10,9,0.14285714285714285,169,18,0.10650887573964497,15,350,374,SVLH.tsv
