speaker1,speaker1_token_number,speaker1_expression_token_number,speaker1_expression_number,speaker1_er_ratio,speaker2,speaker2_token_number,speaker2_expression_token_number,speaker2_expression_number,speaker2_er_ratio,speaker3,speaker3_token_number,speaker3_expression_token_number,speaker3_expression_number,speaker3_er_ratio,total_token_number,total_er_token_number,av_er_ratio,total_er_number,begin,end,file
S0655,106,18,11,0.16981132075471697,S0653,151,33,23,0.2185430463576159,S0654,60,21,14,0.35,317,72,0.22712933753943218,48,0,50,SXQ6.tsv
S0655,86,14,14,0.16279069767441862,S0653,195,17,14,0.08717948717948718,S0654,43,7,5,0.16279069767441862,324,38,0.11728395061728394,33,50,100,SXQ6.tsv
S0655,85,17,12,0.2,S0653,233,25,14,0.1072961373390558,S0654,25,16,7,0.64,343,58,0.16909620991253643,33,100,150,SXQ6.tsv
S0655,76,13,12,0.17105263157894737,S0653,212,48,27,0.22641509433962265,S0654,53,18,14,0.33962264150943394,341,79,0.2316715542521994,53,150,200,SXQ6.tsv
S0655,48,25,17,0.5208333333333334,S0653,475,79,44,0.16631578947368422,S0654,68,24,17,0.35294117647058826,591,128,0.21658206429780033,78,200,250,SXQ6.tsv
S0655,44,13,8,0.29545454545454547,S0653,166,30,21,0.18072289156626506,S0654,60,13,8,0.21666666666666667,270,56,0.2074074074074074,37,250,300,SXQ6.tsv
S0655,93,21,14,0.22580645161290322,S0653,127,25,18,0.1968503937007874,S0654,51,13,8,0.2549019607843137,271,59,0.2177121771217712,40,300,350,SXQ6.tsv
S0655,3,0,0,0.0,S0653,68,4,3,0.058823529411764705,S0654,68,0,0,0.0,139,4,0.02877697841726619,3,350,367,SXQ6.tsv
