speaker_number,vo_overlap,vo_total,total_token_number,overlap,s1_and_other,s2_and_other,s3_and_other,s4_and_other,begin,end,file
4,45,191,490,0.058900523560209424,20,15,10,0,0,50,S9RV.tsv
4,65,242,732,0.06714876033057851,29,9,27,0,50,100,S9RV.tsv
4,41,237,686,0.043248945147679324,16,13,7,5,100,150,S9RV.tsv
4,65,189,590,0.08597883597883597,26,15,21,3,150,200,S9RV.tsv
4,139,198,544,0.1755050505050505,55,19,40,25,200,250,S9RV.tsv
4,142,236,721,0.1504237288135593,60,58,7,17,250,300,S9RV.tsv
4,134,196,582,0.17091836734693877,44,23,47,20,300,350,S9RV.tsv
4,125,200,565,0.15625,51,23,12,39,350,400,S9RV.tsv
4,33,85,127,0.09705882352941177,12,1,11,9,400,418,S9RV.tsv
