speaker_number,vo_overlap,vo_total,total_token_number,overlap,s1_and_other,s2_and_other,s3_and_other,s4_and_other,begin,end,file
4,127,168,408,0.18898809523809523,11,38,45,33,0,50,SP45.tsv
4,106,147,344,0.18027210884353742,41,10,43,12,50,100,SP45.tsv
4,179,239,775,0.18723849372384938,61,42,61,15,100,150,SP45.tsv
4,172,195,541,0.2205128205128205,44,29,69,30,150,200,SP45.tsv
4,70,111,206,0.15765765765765766,22,13,20,15,200,233,SP45.tsv
