speaker_number,vo_overlap,vo_total,total_token_number,overlap,begin,end,file
2,30,113,268,0.26548672566371684,0,50,S2TP.tsv
2,6,137,268,0.043795620437956206,50,100,S2TP.tsv
2,21,120,254,0.175,100,150,S2TP.tsv
2,43,148,347,0.2905405405405405,150,200,S2TP.tsv
2,30,145,357,0.20689655172413793,200,250,S2TP.tsv
2,42,155,408,0.2709677419354839,250,300,S2TP.tsv
2,27,154,332,0.17532467532467533,300,350,S2TP.tsv
2,18,148,310,0.12162162162162163,350,400,S2TP.tsv
2,23,102,184,0.22549019607843138,400,433,S2TP.tsv
