speaker_number,vo_overlap,vo_total,total_token_number,overlap,begin,end,file
2,62,248,747,0.25,0,50,S6AP.tsv
2,54,188,533,0.2872340425531915,50,100,S6AP.tsv
2,53,230,607,0.23043478260869565,100,150,S6AP.tsv
2,56,247,672,0.22672064777327935,150,200,S6AP.tsv
2,45,206,613,0.21844660194174756,200,250,S6AP.tsv
2,78,319,970,0.2445141065830721,250,300,S6AP.tsv
2,43,205,483,0.2097560975609756,300,350,S6AP.tsv
2,35,135,311,0.25925925925925924,350,375,S6AP.tsv
