speaker_number,vo_overlap,vo_total,total_token_number,overlap,begin,end,file
2,27,178,480,0.15168539325842698,0,50,S6QU.tsv
2,34,141,387,0.24113475177304963,50,100,S6QU.tsv
2,54,220,605,0.24545454545454545,100,150,S6QU.tsv
2,53,179,497,0.29608938547486036,150,200,S6QU.tsv
2,51,174,511,0.29310344827586204,200,250,S6QU.tsv
2,33,194,421,0.17010309278350516,250,300,S6QU.tsv
2,42,172,439,0.2441860465116279,300,350,S6QU.tsv
2,47,214,534,0.21962616822429906,350,400,S6QU.tsv
2,32,129,283,0.24806201550387597,400,422,S6QU.tsv
