speaker_number,vo_overlap,vo_total,total_token_number,overlap,begin,end,file
2,25,127,308,0.1968503937007874,0,50,S7AR.tsv
2,31,149,350,0.2080536912751678,50,100,S7AR.tsv
2,48,190,422,0.25263157894736843,100,150,S7AR.tsv
2,47,184,528,0.2554347826086957,150,200,S7AR.tsv
2,45,240,673,0.1875,200,250,S7AR.tsv
2,9,56,83,0.16071428571428573,250,256,S7AR.tsv
