speaker_number,vo_overlap,vo_total,total_token_number,overlap,begin,end,file
2,47,241,685,0.1950207468879668,0,50,S7K2.tsv
2,100,415,1516,0.24096385542168675,50,100,S7K2.tsv
2,35,265,851,0.1320754716981132,100,150,S7K2.tsv
2,44,195,465,0.22564102564102564,150,200,S7K2.tsv
2,60,217,822,0.2764976958525346,200,250,S7K2.tsv
2,28,251,652,0.11155378486055777,250,300,S7K2.tsv
2,20,125,260,0.16,300,320,S7K2.tsv
