speaker_number,vo_overlap,vo_total,total_token_number,overlap,begin,end,file
2,40,210,402,0.19047619047619047,0,50,S7NJ.tsv
2,59,222,566,0.26576576576576577,50,100,S7NJ.tsv
2,49,200,488,0.245,100,150,S7NJ.tsv
2,49,179,490,0.2737430167597765,150,200,S7NJ.tsv
2,40,118,326,0.3389830508474576,200,250,S7NJ.tsv
2,41,146,392,0.2808219178082192,250,300,S7NJ.tsv
2,51,177,389,0.288135593220339,300,350,S7NJ.tsv
2,35,120,259,0.2916666666666667,350,393,S7NJ.tsv
