speaker_number,vo_overlap,vo_total,total_token_number,overlap,begin,end,file
2,22,199,671,0.11055276381909548,0,50,S7S2.tsv
2,95,362,1569,0.26243093922651933,50,100,S7S2.tsv
2,63,194,582,0.3247422680412371,100,150,S7S2.tsv
2,62,204,633,0.30392156862745096,150,200,S7S2.tsv
2,61,206,685,0.2961165048543689,200,250,S7S2.tsv
2,57,173,478,0.32947976878612717,250,292,S7S2.tsv
