speaker_number,vo_overlap,vo_total,total_token_number,overlap,begin,end,file
2,59,173,508,0.34104046242774566,0,50,S9KS.tsv
2,52,186,485,0.27956989247311825,50,100,S9KS.tsv
2,62,187,519,0.3315508021390374,100,150,S9KS.tsv
2,52,216,625,0.24074074074074073,150,200,S9KS.tsv
2,51,177,434,0.288135593220339,200,250,S9KS.tsv
2,66,180,437,0.36666666666666664,250,300,S9KS.tsv
2,55,168,437,0.3273809523809524,300,350,S9KS.tsv
2,15,103,211,0.14563106796116504,350,368,S9KS.tsv
