speaker_number,vo_overlap,vo_total,total_token_number,overlap,begin,end,file
2,62,181,731,0.3425414364640884,0,50,S9VB.tsv
2,60,192,643,0.3125,50,100,S9VB.tsv
2,63,192,637,0.328125,100,150,S9VB.tsv
2,56,179,582,0.3128491620111732,150,200,S9VB.tsv
2,46,161,554,0.2857142857142857,200,250,S9VB.tsv
2,59,166,515,0.35542168674698793,250,300,S9VB.tsv
2,3,25,34,0.12,300,303,S9VB.tsv
