speaker_number,vo_overlap,vo_total,total_token_number,overlap,begin,end,file
2,57,195,631,0.2923076923076923,0,50,SABT.tsv
2,60,249,734,0.24096385542168675,50,100,SABT.tsv
2,67,252,883,0.26587301587301587,100,150,SABT.tsv
2,64,245,734,0.2612244897959184,150,200,SABT.tsv
2,81,252,977,0.32142857142857145,200,250,SABT.tsv
2,76,236,869,0.3220338983050847,250,300,SABT.tsv
2,79,269,1078,0.2936802973977695,300,350,SABT.tsv
