speaker_number,vo_overlap,vo_total,total_token_number,overlap,begin,end,file
2,58,278,754,0.20863309352517986,0,50,SASU.tsv
2,64,236,729,0.2711864406779661,50,100,SASU.tsv
2,51,199,513,0.2562814070351759,100,150,SASU.tsv
2,46,173,473,0.2658959537572254,150,200,SASU.tsv
2,45,189,478,0.23809523809523808,200,242,SASU.tsv
