speaker_number,vo_overlap,vo_total,total_token_number,overlap,begin,end,file
2,61,222,738,0.2747747747747748,0,50,SD68.tsv
2,72,238,963,0.3025210084033613,50,100,SD68.tsv
2,70,254,957,0.2755905511811024,100,150,SD68.tsv
2,71,255,1174,0.2784313725490196,150,200,SD68.tsv
2,65,244,800,0.26639344262295084,200,237,SD68.tsv
