speaker_number,vo_overlap,vo_total,total_token_number,overlap,begin,end,file
2,41,190,491,0.21578947368421053,0,50,SEFQ.tsv
2,46,167,427,0.2754491017964072,50,100,SEFQ.tsv
2,61,236,630,0.2584745762711864,100,150,SEFQ.tsv
2,56,312,1068,0.1794871794871795,150,200,SEFQ.tsv
2,56,220,593,0.2545454545454545,200,250,SEFQ.tsv
2,70,233,735,0.30042918454935624,250,300,SEFQ.tsv
2,47,184,446,0.2554347826086957,300,350,SEFQ.tsv
2,62,209,647,0.2966507177033493,350,400,SEFQ.tsv
2,15,73,116,0.2054794520547945,400,414,SEFQ.tsv
