speaker_number,vo_overlap,vo_total,total_token_number,overlap,begin,end,file
2,50,172,526,0.29069767441860467,0,50,SF2F.tsv
2,57,196,564,0.29081632653061223,50,100,SF2F.tsv
2,60,175,543,0.34285714285714286,100,150,SF2F.tsv
2,58,250,822,0.232,150,200,SF2F.tsv
2,92,293,1084,0.31399317406143346,200,250,SF2F.tsv
2,79,279,1034,0.2831541218637993,250,300,SF2F.tsv
2,64,194,636,0.32989690721649484,300,350,SF2F.tsv
2,62,241,737,0.2572614107883817,350,400,SF2F.tsv
2,11,93,162,0.11827956989247312,400,411,SF2F.tsv
