speaker_number,vo_overlap,vo_total,total_token_number,overlap,begin,end,file
2,41,148,332,0.27702702702702703,0,50,SFT2.tsv
2,37,142,324,0.2605633802816901,50,100,SFT2.tsv
2,29,157,340,0.18471337579617833,100,150,SFT2.tsv
2,30,110,231,0.2727272727272727,150,200,SFT2.tsv
2,18,97,196,0.18556701030927836,200,245,SFT2.tsv
