speaker_number,vo_overlap,vo_total,total_token_number,overlap,begin,end,file
2,42,204,564,0.20588235294117646,0,50,SFZ9.tsv
2,56,193,474,0.29015544041450775,50,100,SFZ9.tsv
2,34,155,379,0.21935483870967742,100,150,SFZ9.tsv
2,58,230,543,0.25217391304347825,150,200,SFZ9.tsv
2,31,142,339,0.21830985915492956,200,250,SFZ9.tsv
2,11,64,107,0.171875,250,267,SFZ9.tsv
