speaker_number,vo_overlap,vo_total,total_token_number,overlap,begin,end,file
2,18,190,475,0.09473684210526316,0,50,SG2E.tsv
2,62,222,651,0.27927927927927926,50,100,SG2E.tsv
2,12,203,517,0.059113300492610835,100,150,SG2E.tsv
2,59,241,667,0.24481327800829875,150,200,SG2E.tsv
2,40,173,427,0.23121387283236994,200,250,SG2E.tsv
2,66,262,740,0.25190839694656486,250,300,SG2E.tsv
2,48,198,510,0.24242424242424243,300,350,SG2E.tsv
2,62,215,662,0.28837209302325584,350,400,SG2E.tsv
2,53,202,586,0.2623762376237624,400,438,SG2E.tsv
