speaker_number,vo_overlap,vo_total,total_token_number,overlap,begin,end,file
2,51,170,450,0.3,0,50,SHJH.tsv
2,30,155,345,0.1935483870967742,50,100,SHJH.tsv
2,41,141,326,0.2907801418439716,100,150,SHJH.tsv
2,59,180,466,0.3277777777777778,150,200,SHJH.tsv
2,39,164,365,0.23780487804878048,200,250,SHJH.tsv
2,42,148,342,0.28378378378378377,250,300,SHJH.tsv
2,44,180,388,0.24444444444444444,300,350,SHJH.tsv
2,0,11,11,0.0,350,353,SHJH.tsv
