speaker_number,vo_overlap,vo_total,total_token_number,overlap,begin,end,file
2,58,212,753,0.27358490566037735,0,50,SHSD.tsv
2,76,268,1012,0.2835820895522388,50,100,SHSD.tsv
2,40,152,439,0.2631578947368421,100,150,SHSD.tsv
2,56,189,563,0.2962962962962963,150,200,SHSD.tsv
2,41,167,474,0.24550898203592814,200,250,SHSD.tsv
2,41,184,542,0.22282608695652173,250,300,SHSD.tsv
2,50,166,487,0.30120481927710846,300,350,SHSD.tsv
2,0,10,12,0.0,350,354,SHSD.tsv
