speaker_number,vo_overlap,vo_total,total_token_number,overlap,begin,end,file
2,47,179,468,0.26256983240223464,0,50,SKKU.tsv
2,37,164,472,0.22560975609756098,50,100,SKKU.tsv
2,37,187,737,0.19786096256684493,100,150,SKKU.tsv
2,49,173,584,0.2832369942196532,150,200,SKKU.tsv
2,56,194,495,0.28865979381443296,200,238,SKKU.tsv
