speaker_number,vo_overlap,vo_total,total_token_number,overlap,begin,end,file
2,63,221,691,0.2850678733031674,0,50,SLLC.tsv
2,59,216,683,0.27314814814814814,50,100,SLLC.tsv
2,55,188,531,0.2925531914893617,100,150,SLLC.tsv
2,45,180,427,0.25,150,200,SLLC.tsv
2,53,173,485,0.3063583815028902,200,250,SLLC.tsv
2,56,173,479,0.3236994219653179,250,300,SLLC.tsv
2,50,163,444,0.3067484662576687,300,350,SLLC.tsv
2,48,218,672,0.22018348623853212,350,400,SLLC.tsv
2,20,106,196,0.18867924528301888,400,421,SLLC.tsv
