speaker_number,vo_overlap,vo_total,total_token_number,overlap,begin,end,file
2,39,148,305,0.2635135135135135,0,50,SLMK.tsv
2,42,134,305,0.31343283582089554,50,100,SLMK.tsv
2,37,128,333,0.2890625,100,150,SLMK.tsv
2,37,122,294,0.30327868852459017,150,200,SLMK.tsv
2,45,164,391,0.27439024390243905,200,250,SLMK.tsv
2,1,11,12,0.09090909090909091,250,252,SLMK.tsv
