speaker_number,vo_overlap,vo_total,total_token_number,overlap,begin,end,file
2,48,191,492,0.2513089005235602,0,50,SP67.tsv
2,56,181,504,0.30939226519337015,50,100,SP67.tsv
2,50,195,528,0.2564102564102564,100,150,SP67.tsv
2,63,248,811,0.2540322580645161,150,200,SP67.tsv
2,53,215,694,0.24651162790697675,200,250,SP67.tsv
2,53,192,613,0.2760416666666667,250,300,SP67.tsv
2,46,186,493,0.24731182795698925,300,350,SP67.tsv
2,57,187,610,0.3048128342245989,350,400,SP67.tsv
2,0,60,78,0.0,400,406,SP67.tsv
