speaker_number,vo_overlap,vo_total,total_token_number,overlap,begin,end,file
2,47,253,895,0.1857707509881423,0,50,SPXX.tsv
2,68,259,917,0.2625482625482625,50,100,SPXX.tsv
2,37,137,375,0.27007299270072993,100,150,SPXX.tsv
2,51,201,581,0.2537313432835821,150,200,SPXX.tsv
2,72,189,738,0.38095238095238093,200,250,SPXX.tsv
2,61,188,665,0.324468085106383,250,300,SPXX.tsv
2,56,210,648,0.26666666666666666,300,350,SPXX.tsv
2,68,208,723,0.3269230769230769,350,400,SPXX.tsv
2,13,77,156,0.16883116883116883,400,414,SPXX.tsv
