speaker_number,vo_overlap,vo_total,total_token_number,overlap,begin,end,file
2,42,198,586,0.21212121212121213,0,50,SR96.tsv
2,65,250,761,0.26,50,100,SR96.tsv
2,73,248,728,0.29435483870967744,100,150,SR96.tsv
2,64,248,818,0.25806451612903225,150,200,SR96.tsv
2,49,232,844,0.21120689655172414,200,250,SR96.tsv
2,35,194,487,0.18041237113402062,250,300,SR96.tsv
2,43,155,431,0.27741935483870966,300,350,SR96.tsv
2,17,89,185,0.19101123595505617,350,366,SR96.tsv
