speaker_number,vo_overlap,vo_total,total_token_number,overlap,begin,end,file
2,85,323,991,0.2631578947368421,0,50,STEY.tsv
2,55,218,589,0.25229357798165136,50,100,STEY.tsv
2,74,277,803,0.26714801444043323,100,150,STEY.tsv
2,47,212,611,0.22169811320754718,150,200,STEY.tsv
2,58,251,735,0.23107569721115537,200,250,STEY.tsv
2,7,73,119,0.0958904109589041,250,260,STEY.tsv
