speaker_number,vo_overlap,vo_total,total_token_number,overlap,begin,end,file
2,69,247,648,0.2793522267206478,0,50,SUU4.tsv
2,77,328,969,0.2347560975609756,50,100,SUU4.tsv
2,83,306,922,0.27124183006535946,100,150,SUU4.tsv
2,69,250,673,0.276,150,200,SUU4.tsv
2,50,225,595,0.2222222222222222,200,246,SUU4.tsv
