speaker_number,vo_overlap,vo_total,total_token_number,overlap,begin,end,file
2,53,337,935,0.1572700296735905,0,50,SXJW.tsv
2,54,228,547,0.23684210526315788,50,100,SXJW.tsv
2,53,242,620,0.2190082644628099,100,150,SXJW.tsv
2,69,285,942,0.24210526315789474,150,200,SXJW.tsv
2,38,270,809,0.14074074074074075,200,238,SXJW.tsv
