speaker_number,vo_overlap,vo_total,total_token_number,overlap,begin,end,file
2,48,156,447,0.3076923076923077,0,50,SXLD.tsv
2,65,176,489,0.3693181818181818,50,100,SXLD.tsv
2,44,157,384,0.2802547770700637,100,150,SXLD.tsv
2,38,188,467,0.20212765957446807,150,200,SXLD.tsv
2,46,179,508,0.2569832402234637,200,250,SXLD.tsv
2,27,142,338,0.19014084507042253,250,286,SXLD.tsv
