speaker_number,vo_overlap,vo_total,total_token_number,overlap,begin,end,file
2,41,145,439,0.2827586206896552,0,50,SY7T.tsv
2,53,158,513,0.33544303797468356,50,100,SY7T.tsv
2,54,177,583,0.3050847457627119,100,150,SY7T.tsv
2,28,95,249,0.29473684210526313,150,180,SY7T.tsv
