speaker_number,vo_overlap,vo_total,total_token_number,overlap,begin,end,file
2,72,316,1396,0.22784810126582278,0,50,SZNP.tsv
2,54,258,937,0.20930232558139536,50,100,SZNP.tsv
2,59,223,687,0.2645739910313901,100,150,SZNP.tsv
2,79,279,1007,0.2831541218637993,150,200,SZNP.tsv
2,59,218,662,0.2706422018348624,200,250,SZNP.tsv
2,30,120,220,0.25,250,279,SZNP.tsv
