speaker_number,vo_overlap,vo_total,total_token_number,overlap,begin,end,file
2,48,177,493,0.2711864406779661,0,50,SZW4.tsv
2,47,161,423,0.2919254658385093,50,100,SZW4.tsv
2,46,147,404,0.3129251700680272,100,150,SZW4.tsv
2,48,168,420,0.2857142857142857,150,200,SZW4.tsv
2,53,218,653,0.24311926605504589,200,250,SZW4.tsv
2,42,154,386,0.2727272727272727,250,300,SZW4.tsv
2,30,182,481,0.16483516483516483,300,350,SZW4.tsv
2,50,194,483,0.25773195876288657,350,400,SZW4.tsv
2,49,159,367,0.3081761006289308,400,447,SZW4.tsv
