speaker_number,vo_overlap,vo_total,total_token_number,overlap,s1_and_other,s2_and_other,s3_and_other,begin,end,file
3,119,211,509,0.18799368088467613,57,55,7,0,50,S2TC.tsv
3,204,298,906,0.22818791946308725,96,87,21,0,100,S2TC.tsv
3,272,352,1193,0.25757575757575757,118,105,49,0,150,S2TC.tsv
3,367,426,1732,0.2871674491392801,149,132,86,0,200,S2TC.tsv
3,441,472,2147,0.3114406779661017,175,150,116,0,250,S2TC.tsv
3,454,484,2252,0.31267217630853994,180,155,119,0,270,S2TC.tsv
