speaker_number,vo_overlap,vo_total,total_token_number,overlap,s1_and_other,s2_and_other,s3_and_other,begin,end,file
3,122,165,437,0.24646464646464647,44,42,36,0,50,S69G.tsv
3,220,242,813,0.30303030303030304,84,62,74,0,100,S69G.tsv
3,295,324,1170,0.30349794238683125,108,95,92,0,150,S69G.tsv
3,352,368,1511,0.3188405797101449,131,104,117,0,188,S69G.tsv
