speaker_number,vo_overlap,vo_total,total_token_number,overlap,s1_and_other,s2_and_other,s3_and_other,begin,end,file
3,82,139,306,0.19664268585131894,33,38,11,0,50,SCNN.tsv
3,127,255,657,0.16601307189542483,54,60,13,0,100,SCNN.tsv
3,183,329,975,0.18541033434650456,82,84,17,0,150,SCNN.tsv
3,245,402,1371,0.20315091210613598,113,115,17,0,200,SCNN.tsv
3,279,455,1684,0.2043956043956044,130,132,17,0,250,SCNN.tsv
3,330,511,2105,0.21526418786692758,156,156,18,0,300,SCNN.tsv
3,369,556,2466,0.22122302158273383,175,176,18,0,350,SCNN.tsv
3,398,621,2778,0.21363392377885132,188,191,19,0,388,SCNN.tsv
