speaker_number,vo_overlap,vo_total,total_token_number,overlap,s1_and_other,s2_and_other,s3_and_other,begin,end,file
3,106,247,799,0.14304993252361672,53,53,0,0,50,SQ93.tsv
3,222,394,1571,0.18781725888324874,111,111,0,0,100,SQ93.tsv
3,340,510,2564,0.2222222222222222,170,170,0,0,150,SQ93.tsv
3,426,571,3086,0.2486865148861646,191,192,43,0,200,SQ93.tsv
3,484,636,3696,0.25366876310272535,219,222,43,0,250,SQ93.tsv
3,582,708,4579,0.2740112994350282,269,269,44,0,300,SQ93.tsv
3,630,762,5218,0.2755905511811024,293,293,44,0,350,SQ93.tsv
3,693,857,6283,0.26954492415402564,324,324,45,0,399,SQ93.tsv
