speaker1,speaker1_token_number,speaker1_expression_token_number,speaker1_expression_number,speaker1_er_ratio,speaker2,speaker2_token_number,speaker2_expression_token_number,speaker2_expression_number,speaker2_er_ratio,speaker3,speaker3_token_number,speaker3_expression_token_number,speaker3_expression_number,speaker3_er_ratio,total_token_number,total_er_token_number,av_er_ratio,total_er_number,begin,end,file
S0058,216,34,27,0.1574074074074074,S0179,127,20,15,0.15748031496062992,S0057,3,1,1,0.3333333333333333,346,55,0.15895953757225434,43,0,50,S2GS.tsv
S0058,263,64,51,0.24334600760456274,S0179,102,31,24,0.30392156862745096,S0057,60,11,8,0.18333333333333332,425,106,0.24941176470588236,83,50,100,S2GS.tsv
S0058,235,71,47,0.3021276595744681,S0179,62,24,18,0.3870967741935484,S0057,91,40,30,0.43956043956043955,388,135,0.3479381443298969,95,100,150,S2GS.tsv
S0058,188,67,44,0.35638297872340424,S0179,101,43,32,0.42574257425742573,S0057,108,38,28,0.35185185185185186,397,148,0.37279596977329976,104,150,200,S2GS.tsv
S0058,89,31,22,0.34831460674157305,S0179,137,71,50,0.5182481751824818,S0057,4,2,1,0.5,230,104,0.45217391304347826,73,200,250,S2GS.tsv
S0058,14,3,3,0.21428571428571427,S0179,1,0,0,0.0,S0057,0,0,0,0.0,15,3,0.2,3,250,253,S2GS.tsv
