speaker1,speaker1_token_number,speaker1_expression_token_number,speaker1_expression_number,speaker1_er_ratio,speaker2,speaker2_token_number,speaker2_expression_token_number,speaker2_expression_number,speaker2_er_ratio,speaker3,speaker3_token_number,speaker3_expression_token_number,speaker3_expression_number,speaker3_er_ratio,total_token_number,total_er_token_number,av_er_ratio,total_er_number,begin,end,file
S0086,262,36,23,0.13740458015267176,S0085,118,32,21,0.2711864406779661,S0083,426,113,72,0.2652582159624413,806,181,0.22456575682382135,116,0,50,S6GC.tsv
S0086,160,78,52,0.4875,S0085,0,0,0,0.0,S0083,1017,350,234,0.344149459193707,1177,428,0.36363636363636365,286,50,100,S6GC.tsv
S0086,269,159,97,0.5910780669144982,S0085,120,78,50,0.65,S0083,356,137,90,0.3848314606741573,745,374,0.5020134228187919,237,100,150,S6GC.tsv
S0086,381,203,129,0.5328083989501312,S0085,77,39,22,0.5064935064935064,S0083,321,159,98,0.4953271028037383,779,401,0.5147625160462131,249,150,200,S6GC.tsv
S0086,507,287,172,0.5660749506903353,S0085,118,64,40,0.5423728813559322,S0083,177,108,64,0.6101694915254238,802,459,0.5723192019950125,276,200,250,S6GC.tsv
S0086,280,181,106,0.6464285714285715,S0085,0,0,0,0.0,S0083,1577,749,472,0.4749524413443247,1857,930,0.5008077544426495,578,250,300,S6GC.tsv
S0086,287,177,118,0.6167247386759582,S0085,4,1,1,0.25,S0083,737,420,257,0.5698778833107191,1028,598,0.5817120622568094,376,300,350,S6GC.tsv
S0086,105,62,37,0.5904761904761905,S0085,81,48,30,0.5925925925925926,S0083,21,13,7,0.6190476190476191,207,123,0.5942028985507246,74,350,378,S6GC.tsv
