speaker1,speaker1_token_number,speaker1_expression_token_number,speaker1_expression_number,speaker1_er_ratio,speaker2,speaker2_token_number,speaker2_expression_token_number,speaker2_expression_number,speaker2_er_ratio,speaker3,speaker3_token_number,speaker3_expression_token_number,speaker3_expression_number,speaker3_er_ratio,total_token_number,total_er_token_number,av_er_ratio,total_er_number,begin,end,file
S0520,172,17,13,0.09883720930232558,S0521,98,9,9,0.09183673469387756,S0519,62,11,9,0.1774193548387097,332,37,0.11144578313253012,31,0,50,SKEG.tsv
S0520,118,21,15,0.17796610169491525,S0521,109,47,36,0.43119266055045874,S0519,109,31,22,0.28440366972477066,336,99,0.29464285714285715,73,50,100,SKEG.tsv
S0520,198,64,42,0.32323232323232326,S0521,90,44,33,0.4888888888888889,S0519,65,22,18,0.3384615384615385,353,130,0.36827195467422097,93,100,150,SKEG.tsv
S0520,200,75,55,0.375,S0521,149,67,54,0.44966442953020136,S0519,0,0,0,0.0,349,142,0.4068767908309456,109,150,200,SKEG.tsv
S0520,367,132,92,0.35967302452316074,S0521,172,93,65,0.5406976744186046,S0519,0,0,0,0.0,539,225,0.4174397031539889,157,200,250,SKEG.tsv
S0520,293,110,70,0.37542662116040953,S0521,158,87,57,0.5506329113924051,S0519,58,43,28,0.7413793103448276,509,240,0.4715127701375246,155,250,300,SKEG.tsv
S0520,147,61,44,0.41496598639455784,S0521,118,57,36,0.4830508474576271,S0519,10,6,5,0.6,275,124,0.4509090909090909,85,300,333,SKEG.tsv
