speaker1,speaker1_token_number,speaker1_expression_token_number,speaker1_expression_number,speaker1_er_ratio,speaker2,speaker2_token_number,speaker2_expression_token_number,speaker2_expression_number,speaker2_er_ratio,speaker3,speaker3_token_number,speaker3_expression_token_number,speaker3_expression_number,speaker3_er_ratio,total_token_number,total_er_token_number,av_er_ratio,total_er_number,begin,end,file
S0571,151,31,24,0.2052980132450331,S0517,153,17,10,0.1111111111111111,S0570,118,17,16,0.1440677966101695,422,65,0.15402843601895735,50,0,50,SN33.tsv
S0571,86,26,18,0.3023255813953488,S0517,97,38,24,0.3917525773195876,S0570,225,48,34,0.21333333333333335,408,112,0.27450980392156865,76,50,100,SN33.tsv
S0571,137,62,35,0.45255474452554745,S0517,125,52,31,0.416,S0570,181,51,37,0.281767955801105,443,165,0.3724604966139955,103,100,150,SN33.tsv
S0571,81,37,25,0.4567901234567901,S0517,155,68,40,0.43870967741935485,S0570,191,71,50,0.3717277486910995,427,176,0.41217798594847777,115,150,200,SN33.tsv
S0571,54,24,17,0.4444444444444444,S0517,170,79,50,0.4647058823529412,S0570,212,92,63,0.4339622641509434,436,195,0.44724770642201833,130,200,250,SN33.tsv
S0571,109,46,32,0.42201834862385323,S0517,140,70,44,0.5,S0570,131,60,39,0.4580152671755725,380,176,0.4631578947368421,115,250,300,SN33.tsv
S0571,82,48,32,0.5853658536585366,S0517,103,60,37,0.5825242718446602,S0570,81,48,41,0.5925925925925926,266,156,0.5864661654135338,110,300,347,SN33.tsv
