speaker1,speaker1_token_number,speaker1_expression_token_number,speaker1_expression_number,speaker1_er_ratio,speaker2,speaker2_token_number,speaker2_expression_token_number,speaker2_expression_number,speaker2_er_ratio,speaker3,speaker3_token_number,speaker3_expression_token_number,speaker3_expression_number,speaker3_er_ratio,total_token_number,total_er_token_number,av_er_ratio,total_er_number,begin,end,file
S0417,305,63,41,0.20655737704918034,S0416,271,82,60,0.3025830258302583,S0418,0,0,0,0.0,576,145,0.2517361111111111,101,0,50,SQNA.tsv
S0417,587,165,104,0.28109028960817717,S0416,179,89,61,0.4972067039106145,S0418,1,1,1,1.0,767,255,0.3324641460234681,166,50,100,SQNA.tsv
S0417,165,72,47,0.43636363636363634,S0416,240,118,80,0.49166666666666664,S0418,5,3,3,0.6,410,193,0.47073170731707314,130,100,150,SQNA.tsv
S0417,176,82,54,0.4659090909090909,S0416,127,56,39,0.4409448818897638,S0418,16,5,3,0.3125,319,143,0.4482758620689655,96,150,200,SQNA.tsv
S0417,60,20,16,0.3333333333333333,S0416,80,48,29,0.6,S0418,18,6,6,0.3333333333333333,158,74,0.46835443037974683,51,200,250,SQNA.tsv
S0417,267,111,70,0.4157303370786517,S0416,202,98,71,0.48514851485148514,S0418,0,0,0,0.0,469,209,0.44562899786780386,141,250,300,SQNA.tsv
S0417,282,134,76,0.475177304964539,S0416,128,58,36,0.453125,S0418,0,0,0,0.0,410,192,0.4682926829268293,112,300,350,SQNA.tsv
S0417,140,66,46,0.4714285714285714,S0416,142,82,50,0.5774647887323944,S0418,2,2,2,1.0,284,150,0.528169014084507,98,350,400,SQNA.tsv
S0417,71,23,19,0.323943661971831,S0416,12,9,4,0.75,S0418,1,1,1,1.0,84,33,0.39285714285714285,24,400,416,SQNA.tsv
