speaker_number,vo_overlap,vo_total,total_token_number,overlap,s1_and_other,s2_and_other,s3_and_other,begin,end,file
3,110,168,375,0.21825396825396826,34,42,34,0,50,SJEM.tsv
3,92,154,416,0.19913419913419914,2,45,45,50,100,SJEM.tsv
3,92,162,403,0.18930041152263374,5,44,43,100,150,SJEM.tsv
3,113,135,347,0.27901234567901234,23,48,42,150,200,SJEM.tsv
3,86,123,357,0.23306233062330622,31,36,19,200,250,SJEM.tsv
3,15,57,80,0.08771929824561403,6,7,2,250,259,SJEM.tsv
