speaker_number,vo_overlap,vo_total,total_token_number,overlap,s1_and_other,s2_and_other,s3_and_other,begin,end,file
3,106,247,799,0.14304993252361672,53,53,0,0,50,SQ93.tsv
3,128,254,772,0.1679790026246719,64,64,0,50,100,SQ93.tsv
3,166,266,993,0.20802005012531327,83,83,0,100,150,SQ93.tsv
3,132,184,522,0.2391304347826087,49,53,30,150,200,SQ93.tsv
3,100,213,610,0.1564945226917058,50,50,0,200,250,SQ93.tsv
3,174,251,883,0.23107569721115537,87,87,0,250,300,SQ93.tsv
3,130,192,639,0.22569444444444445,65,65,0,300,350,SQ93.tsv
3,166,295,1065,0.18757062146892656,83,83,0,350,399,SQ93.tsv
