speaker_number,vo_overlap,vo_total,total_token_number,overlap,s1_and_other,s2_and_other,s3_and_other,begin,end,file
3,95,131,317,0.24173027989821882,38,35,22,0,50,SXQ6.tsv
3,97,141,324,0.2293144208037825,34,42,21,50,100,SXQ6.tsv
3,85,152,343,0.18640350877192982,33,36,16,100,150,SXQ6.tsv
3,104,132,341,0.26262626262626265,33,42,29,150,200,SXQ6.tsv
3,118,160,591,0.24583333333333332,30,50,38,200,250,SXQ6.tsv
3,80,110,270,0.24242424242424243,18,35,27,250,300,SXQ6.tsv
3,91,125,271,0.24266666666666667,28,37,26,300,350,SXQ6.tsv
3,26,79,139,0.10970464135021098,1,12,13,350,367,SXQ6.tsv
