speaker1,speaker1_token_number,speaker1_expression_token_number,speaker1_expression_number,speaker1_er_ratio,speaker2,speaker2_token_number,speaker2_expression_token_number,speaker2_expression_number,speaker2_er_ratio,speaker3,speaker3_token_number,speaker3_expression_token_number,speaker3_expression_number,speaker3_er_ratio,total_token_number,total_er_token_number,av_er_ratio,total_er_number,begin,end,file
S0655,118,40,25,0.3389830508474576,S0653,102,41,34,0.4019607843137255,S0654,65,25,17,0.38461538461538464,285,106,0.3719298245614035,76,0,50,S24D.tsv
S0655,172,98,83,0.5697674418604651,S0653,110,73,57,0.6636363636363637,S0654,21,9,7,0.42857142857142855,303,180,0.594059405940594,147,50,100,S24D.tsv
S0655,211,107,95,0.5071090047393365,S0653,84,60,50,0.7142857142857143,S0654,21,11,7,0.5238095238095238,316,178,0.5632911392405063,152,100,150,S24D.tsv
S0655,160,100,85,0.625,S0653,108,84,64,0.7777777777777778,S0654,37,19,13,0.5135135135135135,305,203,0.6655737704918033,162,150,200,S24D.tsv
S0655,184,130,112,0.7065217391304348,S0653,132,99,81,0.75,S0654,36,28,23,0.7777777777777778,352,257,0.7301136363636364,216,200,250,S24D.tsv
S0655,290,187,164,0.6448275862068965,S0653,78,51,45,0.6538461538461539,S0654,19,14,12,0.7368421052631579,387,252,0.6511627906976745,221,250,300,S24D.tsv
S0655,254,184,144,0.7244094488188977,S0653,153,121,102,0.7908496732026143,S0654,4,3,3,0.75,411,308,0.7493917274939172,249,300,350,S24D.tsv
S0655,210,147,117,0.7,S0653,149,106,90,0.7114093959731543,S0654,22,16,11,0.7272727272727273,381,269,0.7060367454068242,218,350,400,S24D.tsv
S0655,54,37,28,0.6851851851851852,S0653,169,129,100,0.7633136094674556,S0654,18,16,11,0.8888888888888888,241,182,0.7551867219917012,139,400,431,S24D.tsv
