speaker1,speaker1_token_number,speaker1_expression_token_number,speaker1_expression_number,speaker1_er_ratio,speaker2,speaker2_token_number,speaker2_expression_token_number,speaker2_expression_number,speaker2_er_ratio,speaker3,speaker3_token_number,speaker3_expression_token_number,speaker3_expression_number,speaker3_er_ratio,total_token_number,total_er_token_number,av_er_ratio,total_er_number,begin,end,file
S0653,308,139,124,0.4512987012987013,S0655,184,53,45,0.28804347826086957,S0654,17,2,2,0.11764705882352941,509,194,0.381139489194499,171,0,50,S2TC.tsv
S0653,233,125,109,0.5364806866952789,S0655,137,85,69,0.6204379562043796,S0654,27,19,17,0.7037037037037037,397,229,0.5768261964735516,195,50,100,S2TC.tsv
S0653,130,89,70,0.6846153846153846,S0655,84,47,40,0.5595238095238095,S0654,73,58,45,0.7945205479452054,287,194,0.6759581881533101,155,100,150,S2TC.tsv
S0653,298,212,190,0.7114093959731543,S0655,102,75,60,0.7352941176470589,S0654,139,100,84,0.7194244604316546,539,387,0.7179962894248608,334,150,200,S2TC.tsv
S0653,178,123,95,0.6910112359550562,S0655,96,79,43,0.8229166666666666,S0654,141,114,91,0.8085106382978723,415,316,0.7614457831325301,229,200,250,S2TC.tsv
S0653,44,31,23,0.7045454545454546,S0655,51,45,29,0.8823529411764706,S0654,10,7,5,0.7,105,83,0.7904761904761904,57,250,270,S2TC.tsv
