speaker1,speaker1_token_number,speaker1_expression_token_number,speaker1_expression_number,speaker1_er_ratio,speaker2,speaker2_token_number,speaker2_expression_token_number,speaker2_expression_number,speaker2_er_ratio,speaker3,speaker3_token_number,speaker3_expression_token_number,speaker3_expression_number,speaker3_er_ratio,total_token_number,total_er_token_number,av_er_ratio,total_er_number,begin,end,file
S0104,117,29,27,0.24786324786324787,S0110,47,21,18,0.44680851063829785,S0167,211,102,95,0.4834123222748815,375,152,0.4053333333333333,140,0,50,S3SU.tsv
S0104,204,119,105,0.5833333333333334,S0110,29,17,16,0.5862068965517241,S0167,332,170,146,0.5120481927710844,565,306,0.5415929203539823,267,50,100,S3SU.tsv
S0104,194,134,106,0.6907216494845361,S0110,38,25,23,0.6578947368421053,S0167,267,163,145,0.6104868913857678,499,322,0.6452905811623246,274,100,150,S3SU.tsv
S0104,209,162,128,0.7751196172248804,S0110,47,39,32,0.8297872340425532,S0167,243,163,130,0.6707818930041153,499,364,0.7294589178356713,290,150,200,S3SU.tsv
S0104,306,238,191,0.7777777777777778,S0110,63,43,31,0.6825396825396826,S0167,160,128,104,0.8,529,409,0.7731568998109641,326,200,250,S3SU.tsv
S0104,269,209,151,0.7769516728624535,S0110,19,16,14,0.8421052631578947,S0167,288,207,172,0.71875,576,432,0.75,337,250,300,S3SU.tsv
S0104,132,111,86,0.8409090909090909,S0110,47,40,26,0.851063829787234,S0167,199,146,121,0.7336683417085427,378,297,0.7857142857142857,233,300,350,S3SU.tsv
S0104,250,207,152,0.828,S0110,95,88,64,0.9263157894736842,S0167,145,105,83,0.7241379310344828,490,400,0.8163265306122449,299,350,400,S3SU.tsv
S0104,23,18,13,0.782608695652174,S0110,18,18,13,1.0,S0167,0,0,0,0.0,41,36,0.8780487804878049,26,400,406,S3SU.tsv
