speaker1,speaker1_token_number,speaker1_expression_token_number,speaker1_expression_number,speaker1_er_ratio,speaker2,speaker2_token_number,speaker2_expression_token_number,speaker2_expression_number,speaker2_er_ratio,speaker3,speaker3_token_number,speaker3_expression_token_number,speaker3_expression_number,speaker3_er_ratio,total_token_number,total_er_token_number,av_er_ratio,total_er_number,begin,end,file
S0653,316,62,57,0.1962025316455696,S0654,95,41,36,0.43157894736842106,S0655,26,13,12,0.5,437,116,0.2654462242562929,105,0,50,S5XL.tsv
S0653,141,80,72,0.5673758865248227,S0654,32,21,15,0.65625,S0655,127,76,69,0.5984251968503937,300,177,0.59,156,50,100,S5XL.tsv
S0653,93,51,46,0.5483870967741935,S0654,37,20,17,0.5405405405405406,S0655,120,78,69,0.65,250,149,0.596,132,100,150,S5XL.tsv
S0653,125,80,64,0.64,S0654,58,46,37,0.7931034482758621,S0655,92,65,57,0.7065217391304348,275,191,0.6945454545454546,158,150,200,S5XL.tsv
S0653,194,146,120,0.7525773195876289,S0654,68,45,39,0.6617647058823529,S0655,144,104,90,0.7222222222222222,406,295,0.7266009852216748,249,200,250,S5XL.tsv
S0653,201,150,111,0.746268656716418,S0654,38,35,25,0.9210526315789473,S0655,105,80,67,0.7619047619047619,344,265,0.7703488372093024,203,250,300,S5XL.tsv
S0653,210,166,129,0.7904761904761904,S0654,55,44,38,0.8,S0655,63,50,40,0.7936507936507936,328,260,0.7926829268292683,207,300,350,S5XL.tsv
S0653,164,115,94,0.7012195121951219,S0654,20,20,16,1.0,S0655,114,97,74,0.8508771929824561,298,232,0.7785234899328859,184,350,400,S5XL.tsv
S0653,121,93,77,0.768595041322314,S0654,5,5,2,1.0,S0655,71,55,42,0.7746478873239436,197,153,0.7766497461928934,121,400,424,S5XL.tsv
