speaker1,speaker1_token_number,speaker1_expression_token_number,speaker1_expression_number,speaker1_er_ratio,speaker2,speaker2_token_number,speaker2_expression_token_number,speaker2_expression_number,speaker2_er_ratio,speaker3,speaker3_token_number,speaker3_expression_token_number,speaker3_expression_number,speaker3_er_ratio,total_token_number,total_er_token_number,av_er_ratio,total_er_number,begin,end,file
S0653,158,49,43,0.310126582278481,S0654,183,66,57,0.36065573770491804,S0655,10,2,2,0.2,351,117,0.3333333333333333,102,0,50,SJ2E.tsv
S0653,176,99,88,0.5625,S0654,83,53,42,0.6385542168674698,S0655,103,51,45,0.49514563106796117,362,203,0.5607734806629834,175,50,100,SJ2E.tsv
S0653,276,144,128,0.5217391304347826,S0654,88,66,55,0.75,S0655,65,37,29,0.5692307692307692,429,247,0.5757575757575758,212,100,150,SJ2E.tsv
S0653,243,173,142,0.7119341563786008,S0654,198,143,115,0.7222222222222222,S0655,10,9,6,0.9,451,325,0.720620842572062,263,150,200,SJ2E.tsv
S0653,247,170,138,0.6882591093117408,S0654,79,64,46,0.810126582278481,S0655,151,121,95,0.8013245033112583,477,355,0.7442348008385744,279,200,250,SJ2E.tsv
S0653,95,75,64,0.7894736842105263,S0654,189,156,123,0.8253968253968254,S0655,75,54,40,0.72,359,285,0.7938718662952646,227,250,300,SJ2E.tsv
S0653,113,90,71,0.7964601769911505,S0654,156,125,99,0.8012820512820513,S0655,94,81,57,0.8617021276595744,363,296,0.8154269972451791,227,300,350,SJ2E.tsv
S0653,264,203,156,0.7689393939393939,S0654,25,15,14,0.6,S0655,59,50,39,0.847457627118644,348,268,0.7701149425287356,209,350,383,SJ2E.tsv
