speaker1,speaker1_token_number,speaker1_expression_token_number,speaker1_expression_number,speaker1_er_ratio,speaker2,speaker2_token_number,speaker2_expression_token_number,speaker2_expression_number,speaker2_er_ratio,speaker3,speaker3_token_number,speaker3_expression_token_number,speaker3_expression_number,speaker3_er_ratio,total_token_number,total_er_token_number,av_er_ratio,total_er_number,begin,end,file
S0475,433,18,18,0.04157043879907621,S0418,1,0,0,0.0,S0417,48,17,17,0.3541666666666667,482,35,0.07261410788381743,35,0,50,SKY2.tsv
S0475,193,58,54,0.3005181347150259,S0418,3,1,1,0.3333333333333333,S0417,166,130,120,0.7831325301204819,362,189,0.5220994475138122,175,50,100,SKY2.tsv
S0475,150,93,81,0.62,S0418,0,0,0,0.0,S0417,197,146,120,0.7411167512690355,347,239,0.6887608069164265,201,100,150,SKY2.tsv
S0475,100,79,62,0.79,S0418,13,2,2,0.15384615384615385,S0417,342,267,221,0.7807017543859649,455,348,0.7648351648351648,285,150,200,SKY2.tsv
S0475,6,6,6,1.0,S0418,3,3,3,1.0,S0417,29,28,25,0.9655172413793104,38,37,0.9736842105263158,34,200,209,SKY2.tsv
