speaker1,speaker1_token_number,speaker1_expression_token_number,speaker1_expression_number,speaker1_er_ratio,speaker2,speaker2_token_number,speaker2_expression_token_number,speaker2_expression_number,speaker2_er_ratio,speaker3,speaker3_token_number,speaker3_expression_token_number,speaker3_expression_number,speaker3_er_ratio,total_token_number,total_er_token_number,av_er_ratio,total_er_number,begin,end,file
S0653,609,270,242,0.4433497536945813,S0655,131,69,56,0.5267175572519084,S0654,16,6,5,0.375,756,345,0.45634920634920634,303,0,50,SQBK.tsv
S0653,397,222,192,0.5591939546599496,S0655,105,73,51,0.6952380952380952,S0654,43,18,12,0.4186046511627907,545,313,0.5743119266055046,255,50,100,SQBK.tsv
S0653,331,187,153,0.5649546827794562,S0655,164,138,106,0.8414634146341463,S0654,30,22,16,0.7333333333333333,525,347,0.660952380952381,275,100,150,SQBK.tsv
S0653,289,191,164,0.6608996539792388,S0655,55,40,26,0.7272727272727273,S0654,79,60,50,0.759493670886076,423,291,0.6879432624113475,240,150,194,SQBK.tsv
