speaker1,speaker1_token_number,speaker1_expression_token_number,speaker1_expression_number,speaker1_er_ratio,speaker2,speaker2_token_number,speaker2_expression_token_number,speaker2_expression_number,speaker2_er_ratio,speaker3,speaker3_token_number,speaker3_expression_token_number,speaker3_expression_number,speaker3_er_ratio,total_token_number,total_er_token_number,av_er_ratio,total_er_number,begin,end,file
S0266,88,39,32,0.4431818181818182,S0310,1169,405,383,0.34644995722840033,S0267,87,52,46,0.5977011494252874,1344,496,0.36904761904761907,461,0,50,SVLK.tsv
S0266,325,266,213,0.8184615384615385,S0310,431,202,174,0.46867749419953597,S0267,122,84,57,0.6885245901639344,878,552,0.6287015945330297,444,50,100,SVLK.tsv
S0266,224,175,133,0.78125,S0310,858,600,485,0.6993006993006993,S0267,15,15,12,1.0,1097,790,0.7201458523245214,630,100,150,SVLK.tsv
S0266,95,83,58,0.8736842105263158,S0310,910,635,512,0.6978021978021978,S0267,93,77,59,0.8279569892473119,1098,795,0.7240437158469946,629,150,200,SVLK.tsv
S0266,119,99,79,0.8319327731092437,S0310,575,428,348,0.7443478260869565,S0267,127,109,82,0.8582677165354331,821,636,0.7746650426309378,509,200,250,SVLK.tsv
S0266,96,79,59,0.8229166666666666,S0310,473,356,269,0.7526427061310782,S0267,78,70,53,0.8974358974358975,647,505,0.7805255023183926,381,250,300,SVLK.tsv
S0266,55,42,31,0.7636363636363637,S0310,210,165,129,0.7857142857142857,S0267,98,83,59,0.8469387755102041,363,290,0.7988980716253443,219,300,336,SVLK.tsv
