speaker1,speaker1_token_number,speaker1_expression_token_number,speaker1_expression_number,speaker1_er_ratio,speaker2,speaker2_token_number,speaker2_expression_token_number,speaker2_expression_number,speaker2_er_ratio,speaker3,speaker3_token_number,speaker3_expression_token_number,speaker3_expression_number,speaker3_er_ratio,total_token_number,total_er_token_number,av_er_ratio,total_er_number,begin,end,file
S0653,134,51,41,0.3805970149253731,S0654,104,31,26,0.2980769230769231,S0655,42,23,19,0.5476190476190477,280,105,0.375,86,0,50,SVZE.tsv
S0653,67,43,37,0.6417910447761194,S0654,66,28,26,0.42424242424242425,S0655,99,53,45,0.5353535353535354,232,124,0.5344827586206896,108,50,100,SVZE.tsv
S0653,188,112,98,0.5957446808510638,S0654,59,38,27,0.6440677966101694,S0655,93,57,53,0.6129032258064516,340,207,0.6088235294117647,178,100,150,SVZE.tsv
S0653,155,92,75,0.5935483870967742,S0654,1,1,1,1.0,S0655,199,131,111,0.6582914572864321,355,224,0.6309859154929578,187,150,200,SVZE.tsv
S0653,209,160,128,0.7655502392344498,S0654,87,65,46,0.7471264367816092,S0655,42,31,26,0.7380952380952381,338,256,0.757396449704142,200,200,250,SVZE.tsv
S0653,227,166,136,0.7312775330396476,S0654,71,57,48,0.8028169014084507,S0655,68,57,40,0.8382352941176471,366,280,0.7650273224043715,224,250,300,SVZE.tsv
S0653,178,140,105,0.7865168539325843,S0654,82,67,57,0.8170731707317073,S0655,49,26,23,0.5306122448979592,309,233,0.7540453074433657,185,300,350,SVZE.tsv
S0653,12,7,6,0.5833333333333334,S0654,6,4,2,0.6666666666666666,S0655,2,2,2,1.0,20,13,0.65,10,350,357,SVZE.tsv
