speaker1,speaker1_token_number,speaker1_expression_token_number,speaker1_expression_number,speaker1_er_ratio,speaker2,speaker2_token_number,speaker2_expression_token_number,speaker2_expression_number,speaker2_er_ratio,speaker3,speaker3_token_number,speaker3_expression_token_number,speaker3_expression_number,speaker3_er_ratio,total_token_number,total_er_token_number,av_er_ratio,total_er_number,begin,end,file
S0328,45,24,19,0.5333333333333333,S0330,465,118,109,0.2537634408602151,S0326,20,5,3,0.25,530,147,0.27735849056603773,131,0,50,SYA7.tsv
S0328,58,44,36,0.7586206896551724,S0330,627,280,264,0.44657097288676234,S0326,64,35,32,0.546875,749,359,0.47930574098798395,332,50,100,SYA7.tsv
S0328,49,38,27,0.7755102040816326,S0330,390,203,188,0.5205128205128206,S0326,34,13,12,0.38235294117647056,473,254,0.5369978858350951,227,100,150,SYA7.tsv
S0328,38,31,27,0.8157894736842105,S0330,380,228,200,0.6,S0326,86,56,47,0.6511627906976745,504,315,0.625,274,150,200,SYA7.tsv
S0328,169,144,103,0.8520710059171598,S0330,183,114,101,0.6229508196721312,S0326,43,29,19,0.6744186046511628,395,287,0.7265822784810126,223,200,250,SYA7.tsv
S0328,373,277,203,0.7426273458445041,S0330,83,61,50,0.7349397590361446,S0326,13,12,10,0.9230769230769231,469,350,0.746268656716418,263,250,300,SYA7.tsv
S0328,61,52,40,0.8524590163934426,S0330,119,75,57,0.6302521008403361,S0326,68,54,39,0.7941176470588235,248,181,0.7298387096774194,136,300,344,SYA7.tsv
