begin,end,s1_er_ratio,s2_er_ratio,er_ratio_average,file
0,50,0.24709302325581395,0.34285714285714286,0.26948775055679286,S29X.tsv
50,100,0.5580110497237569,0.6428571428571429,0.6062052505966588,S29X.tsv
100,150,0.6348314606741573,0.6541666666666667,0.645933014354067,S29X.tsv
150,200,0.6363636363636364,0.7428571428571429,0.6602564102564102,S29X.tsv
200,250,0.656441717791411,0.6993006993006993,0.6764705882352942,S29X.tsv
250,300,0.6866666666666666,0.8065843621399177,0.7608142493638677,S29X.tsv
300,326,0.7733333333333333,0.8,0.7833333333333333,S29X.tsv
