begin,end,s1_er_ratio,s2_er_ratio,er_ratio_average,file
0,50,0.3287671232876712,0.3161764705882353,0.3253493013972056,S2CY.tsv
50,100,0.45774647887323944,0.6962025316455697,0.509641873278237,S2CY.tsv
100,150,0.6493055555555556,0.7413793103448276,0.683982683982684,S2CY.tsv
150,200,0.7167630057803468,0.7177914110429447,0.7172619047619048,S2CY.tsv
200,250,0.7060518731988472,0.8775510204081632,0.7438202247191011,S2CY.tsv
250,295,0.70042194092827,0.7870370370370371,0.7275362318840579,S2CY.tsv
