begin,end,s1_er_ratio,s2_er_ratio,er_ratio_average,file
0,50,0.25555555555555554,0.40186915887850466,0.3350253807106599,S2FT.tsv
50,100,0.5739644970414202,0.6456456456456456,0.6215139442231076,S2FT.tsv
100,150,0.6166666666666667,0.668235294117647,0.6528925619834711,S2FT.tsv
150,200,0.7535545023696683,0.625,0.6923076923076923,S2FT.tsv
200,250,0.7755102040816326,0.673828125,0.6965098634294385,S2FT.tsv
250,253,1.0,0.7142857142857143,0.7297297297297297,S2FT.tsv
