begin,end,s1_er_ratio,s2_er_ratio,er_ratio_average,file
0,50,0.5172413793103449,0.22099447513812154,0.31716417910447764,S2TP.tsv
50,100,0.6176470588235294,0.2777777777777778,0.3208955223880597,S2TP.tsv
100,150,0.6428571428571429,0.44021739130434784,0.49606299212598426,S2TP.tsv
150,200,0.6470588235294118,0.5687203791469194,0.5994236311239193,S2TP.tsv
200,250,0.7714285714285715,0.6031746031746031,0.6526610644257703,S2TP.tsv
250,300,0.7433628318584071,0.6474576271186441,0.6740196078431373,S2TP.tsv
300,350,0.7671232876712328,0.722007722007722,0.7319277108433735,S2TP.tsv
350,400,0.76,0.7115384615384616,0.7193548387096774,S2TP.tsv
400,433,0.8392857142857143,0.65625,0.7119565217391305,S2TP.tsv
