begin,end,s1_er_ratio,s2_er_ratio,er_ratio_average,file
0,50,0.6842105263157895,0.2784019975031211,0.3289617486338798,S63K.tsv
50,100,0.7154471544715447,0.5422740524781341,0.5879828326180258,S63K.tsv
100,150,0.7264957264957265,0.6136363636363636,0.6356073211314476,S63K.tsv
150,200,0.717391304347826,0.6005586592178771,0.6462585034013606,S63K.tsv
200,250,0.8585365853658536,0.647239263803681,0.7288135593220338,S63K.tsv
250,300,0.8092105263157895,0.7493734335839599,0.7658802177858439,S63K.tsv
300,350,0.7787234042553192,0.7178571428571429,0.7456310679611651,S63K.tsv
350,400,0.8525641025641025,0.7615571776155717,0.7865961199294532,S63K.tsv
400,405,0.6470588235294118,0.8888888888888888,0.7954545454545454,S63K.tsv
