begin,end,s1_er_ratio,s2_er_ratio,er_ratio_average,file
0,50,0.5415860735009671,0.4600280504908836,0.4943089430894309,S7LN.tsv
50,100,0.7690058479532164,0.6383838383838384,0.714164546225615,S7LN.tsv
100,150,0.7697841726618705,0.7828282828282829,0.7765217391304348,S7LN.tsv
150,189,0.8199513381995134,0.8480392156862745,0.8292682926829268,S7LN.tsv
