begin,end,s1_er_ratio,s2_er_ratio,er_ratio_average,file
0,50,0.2871287128712871,0.4523809523809524,0.3713592233009709,SCQS.tsv
50,100,0.44565217391304346,0.6630434782608695,0.4891304347826087,SCQS.tsv
100,150,0.6039603960396039,0.6648648648648648,0.6330749354005168,SCQS.tsv
150,200,0.5769230769230769,0.6428571428571429,0.5922509225092251,SCQS.tsv
200,250,0.6049382716049383,0.7621621621621621,0.6620825147347741,SCQS.tsv
250,300,0.6410256410256411,0.8823529411764706,0.6891495601173021,SCQS.tsv
300,337,0.7513227513227513,0.73,0.7439446366782007,SCQS.tsv
