begin,end,s1_er_ratio,s2_er_ratio,er_ratio_average,file
0,50,0.22427440633245382,0.43783783783783786,0.29432624113475175,SFZ9.tsv
50,100,0.5564853556485355,0.574468085106383,0.5654008438818565,SFZ9.tsv
100,150,0.7337278106508875,0.6095238095238096,0.6649076517150396,SFZ9.tsv
150,200,0.7292817679558011,0.569060773480663,0.6224677716390423,SFZ9.tsv
200,250,0.7777777777777778,0.6827956989247311,0.7256637168141593,SFZ9.tsv
250,267,0.8571428571428571,0.7361111111111112,0.7757009345794392,SFZ9.tsv
