begin,end,s1_er_ratio,s2_er_ratio,er_ratio_average,file
0,50,0.4876543209876543,0.3663594470046083,0.39932885906040266,SH9T.tsv
50,100,0.6692015209125475,0.5828729281767956,0.6192,SH9T.tsv
100,150,0.7168141592920354,0.7386759581881533,0.7290448343079922,SH9T.tsv
150,200,0.6987951807228916,0.692063492063492,0.6943866943866944,SH9T.tsv
200,200,0.0,0.0,0.0,SH9T.tsv
