begin,end,s1_er_ratio,s2_er_ratio,er_ratio_average,file
0,50,0.453416149068323,0.4222873900293255,0.43227091633466136,SHBY.tsv
50,100,0.7004405286343612,0.6536312849162011,0.6798029556650246,SHBY.tsv
100,150,0.7142857142857143,0.6869565217391305,0.6956521739130435,SHBY.tsv
150,193,0.7297297297297297,0.7372549019607844,0.7340909090909091,SHBY.tsv
