begin,end,s1_er_ratio,s2_er_ratio,er_ratio_average,file
0,50,0.475,0.3925619834710744,0.41304347826086957,SRND.tsv
50,100,0.5994694960212201,0.6713286713286714,0.6192307692307693,SRND.tsv
100,150,0.7748917748917749,0.7699386503067485,0.7719928186714542,SRND.tsv
150,200,0.8184523809523809,0.8041958041958042,0.8118971061093248,SRND.tsv
200,203,0.8666666666666667,1.0,0.9,SRND.tsv
