begin,end,s1_er_ratio,s2_er_ratio,er_ratio_average,file
0,50,0.29283489096573206,0.3885350318471338,0.32426778242677823,SW4Z.tsv
50,100,0.5597826086956522,0.5294117647058824,0.5523613963039015,SW4Z.tsv
100,150,0.6938775510204082,0.5963855421686747,0.649171270718232,SW4Z.tsv
150,200,0.6612903225806451,0.74,0.6909547738693468,SW4Z.tsv
200,250,0.7142857142857143,0.6972789115646258,0.7051282051282052,SW4Z.tsv
250,300,0.708433734939759,0.7443609022556391,0.7171532846715328,SW4Z.tsv
300,321,0.7816091954022989,0.7037037037037037,0.75177304964539,SW4Z.tsv
