begin,end,s1_er_ratio,s2_er_ratio,er_ratio_average,file
0,50,0.425531914893617,0.2929061784897025,0.3163841807909605,SXAW.tsv
50,100,0.7647058823529411,0.5021645021645021,0.6305309734513275,SXAW.tsv
100,150,0.7394957983193278,0.7592592592592593,0.7508896797153025,SXAW.tsv
150,200,0.7898089171974523,0.6518518518518519,0.702576112412178,SXAW.tsv
200,250,0.7904191616766467,0.7593984962406015,0.7766666666666666,SXAW.tsv
250,294,0.8854166666666666,0.7097701149425287,0.7477477477477478,SXAW.tsv
