begin,end,s1_er_ratio,s2_er_ratio,er_ratio_average,file
0,50,0.34517766497461927,0.39148073022312374,0.3782608695652174,SYG9.tsv
50,100,0.7149122807017544,0.5382775119617225,0.6006191950464397,SYG9.tsv
100,150,0.6778523489932886,0.6968641114982579,0.6871794871794872,SYG9.tsv
150,200,0.6591760299625468,0.7315175097276264,0.6946564885496184,SYG9.tsv
200,250,0.688034188034188,0.7368421052631579,0.7170138888888888,SYG9.tsv
250,300,0.75390625,0.7699530516431925,0.7639296187683284,SYG9.tsv
300,339,0.8458333333333333,0.7994428969359332,0.8180300500834724,SYG9.tsv
