begin,end,s1_er_ratio,s2_er_ratio,er_ratio_average,file
0,50,0.19230769230769232,0.12056737588652482,0.13989637305699482,S3UC.tsv
50,100,0.3185483870967742,0.31614349775784756,0.3170028818443804,S3UC.tsv
100,150,0.4888888888888889,0.39880952380952384,0.4389438943894389,S3UC.tsv
150,200,0.5150812064965197,0.4512820512820513,0.4952076677316294,S3UC.tsv
200,208,0.4,0.421875,0.4189189189189189,S3UC.tsv
