begin,end,s1_er_ratio,s2_er_ratio,er_ratio_average,file
0,50,0.3553113553113553,0.17076326002587322,0.21892925430210325,S4PC.tsv
50,100,0.43621399176954734,0.2821637426900585,0.3225458468176915,S4PC.tsv
100,150,0.43617021276595747,0.27611044417767105,0.30558276199804113,S4PC.tsv
150,200,0.5382978723404256,0.37222222222222223,0.43781512605042017,S4PC.tsv
200,204,1.0,0.39473684210526316,0.43902439024390244,S4PC.tsv
