begin,end,s1_er_ratio,s2_er_ratio,er_ratio_average,file
0,50,0.15789473684210525,0.23699421965317918,0.19201995012468828,S7P2.tsv
50,100,0.19594594594594594,0.4695121951219512,0.26973684210526316,S7P2.tsv
100,150,0.27596439169139464,0.4744186046511628,0.3532608695652174,S7P2.tsv
150,200,0.36774193548387096,0.3711340206185567,0.36855036855036855,S7P2.tsv
200,250,0.419672131147541,0.4943820224719101,0.4472049689440994,S7P2.tsv
250,266,0.4794520547945205,0.581081081081081,0.5306122448979592,S7P2.tsv
