begin,end,s1_er_ratio,s2_er_ratio,er_ratio_average,file
0,50,0.02106969205834684,0.5370370370370371,0.06259314456035768,S7S2.tsv
50,100,0.08258527827648116,0.4683794466403162,0.331421287444232,S7S2.tsv
100,150,0.48013245033112584,0.5142857142857142,0.4965635738831615,S7S2.tsv
150,200,0.5736040609137056,0.44495412844036697,0.4849921011058452,S7S2.tsv
200,250,0.5246376811594203,0.5,0.5124087591240876,S7S2.tsv
250,292,0.5107033639143731,0.5033112582781457,0.5083682008368201,S7S2.tsv
