begin,end,s1_er_ratio,s2_er_ratio,er_ratio_average,file
0,50,0.34408602150537637,0.0388086642599278,0.06244796003330558,S8RY.tsv
50,100,0.5932835820895522,0.26489028213166144,0.3620309050772627,S8RY.tsv
100,150,0.44029850746268656,0.30515759312320917,0.3269230769230769,S8RY.tsv
150,200,0.6666666666666666,0.33393994540491356,0.38143525741029644,S8RY.tsv
200,250,0.6777777777777778,0.38235294117647056,0.45942028985507244,S8RY.tsv
250,250,0.0,0.0,0.0,S8RY.tsv
