begin,end,s1_er_ratio,s2_er_ratio,er_ratio_average,file
0,50,0.11328125,0.22433460076045628,0.16955684007707128,S8S2.tsv
50,100,0.26099706744868034,0.3333333333333333,0.2764976958525346,S8S2.tsv
100,150,0.2213967310549777,0.3656716417910448,0.24535315985130113,S8S2.tsv
150,200,0.3430232558139535,0.5546218487394958,0.42955326460481097,S8S2.tsv
200,250,0.38764044943820225,0.5174825174825175,0.4454828660436137,S8S2.tsv
250,268,0.34782608695652173,0.4,0.36363636363636365,S8S2.tsv
