begin,end,s1_er_ratio,s2_er_ratio,er_ratio_average,file
0,50,0.1318051575931232,0.20618556701030927,0.15369059656218403,S97B.tsv
50,100,0.2996005326231691,0.45375722543352603,0.3482224247948952,S97B.tsv
100,112,0.3430232558139535,0.4166666666666667,0.35,S97B.tsv
