begin,end,s1_er_ratio,s2_er_ratio,er_ratio_average,file
0,50,0.1293800539083558,0.33055555555555555,0.22845417236662108,S9VB.tsv
50,100,0.45251396648044695,0.3146551724137931,0.35303265940902023,S9VB.tsv
100,150,0.5683060109289617,0.35424354243542433,0.4772370486656201,S9VB.tsv
150,200,0.5659340659340659,0.4325,0.4742268041237113,S9VB.tsv
200,250,0.7147766323024055,0.5741444866920152,0.648014440433213,S9VB.tsv
250,300,0.5982905982905983,0.4483985765124555,0.516504854368932,S9VB.tsv
300,303,0.9130434782608695,0.18181818181818182,0.6764705882352942,S9VB.tsv
