begin,end,s1_er_ratio,s2_er_ratio,er_ratio_average,file
0,50,0.013245033112582781,0.4523809523809524,0.050505050505050504,SBA6.tsv
50,100,0.16477272727272727,0.4098360655737705,0.2651006711409396,SBA6.tsv
100,150,0.25949367088607594,0.42592592592592593,0.3644859813084112,SBA6.tsv
150,200,0.3657587548638132,0.48554913294797686,0.413953488372093,SBA6.tsv
200,250,0.3911290322580645,0.46357615894039733,0.41854636591478694,SBA6.tsv
250,300,0.4228187919463087,0.3737704918032787,0.3898678414096916,SBA6.tsv
300,350,0.5402298850574713,0.5240641711229946,0.5318559556786704,SBA6.tsv
350,400,0.480225988700565,0.5987261146496815,0.5359281437125748,SBA6.tsv
400,447,0.42424242424242425,0.5227272727272727,0.4805194805194805,SBA6.tsv
