begin,end,s1_er_ratio,s2_er_ratio,er_ratio_average,file
0,50,0.18032786885245902,0.024602026049204053,0.03723404255319149,SDEX.tsv
50,100,0.25806451612903225,0.031088082901554404,0.047961630695443645,SDEX.tsv
100,150,0.43243243243243246,0.03496503496503497,0.0804953560371517,SDEX.tsv
150,200,0.4225352112676056,0.1048951048951049,0.16806722689075632,SDEX.tsv
200,250,0.7272727272727273,0.078125,0.19292604501607716,SDEX.tsv
250,300,0.5603864734299517,0.24864864864864866,0.413265306122449,SDEX.tsv
300,350,0.6,0.19534883720930232,0.22580645161290322,SDEX.tsv
350,400,0.627906976744186,0.26521739130434785,0.3639240506329114,SDEX.tsv
400,429,0.5402298850574713,0.27692307692307694,0.4276315789473684,SDEX.tsv
