begin,end,s1_er_ratio,s2_er_ratio,er_ratio_average,file
0,50,0.3310104529616725,0.3197278911564626,0.3253012048192771,SDN3.tsv
50,100,0.39655172413793105,0.36977491961414793,0.3812154696132597,SDN3.tsv
100,150,0.5421052631578948,0.49246231155778897,0.5085034013605442,SDN3.tsv
150,200,0.5987394957983193,0.45,0.5145985401459854,SDN3.tsv
200,250,0.5897435897435898,0.5104166666666666,0.5227817745803357,SDN3.tsv
250,300,0.6505636070853462,0.6199524940617577,0.6381957773512476,SDN3.tsv
300,304,0.6666666666666666,0.5,0.5384615384615384,SDN3.tsv
