begin,end,s1_er_ratio,s2_er_ratio,er_ratio_average,file
0,50,0.08176100628930817,0.23893805309734514,0.14705882352941177,SDS7.tsv
50,100,0.3011049723756906,0.3076923076923077,0.3030888030888031,SDS7.tsv
100,150,0.3881856540084388,0.3815789473684211,0.3856041131105398,SDS7.tsv
150,171,0.3597122302158273,0.4666666666666667,0.378698224852071,SDS7.tsv
