begin,end,s1_er_ratio,s2_er_ratio,er_ratio_average,file
0,50,0.20833333333333334,0.12547528517110265,0.16043956043956045,SETW.tsv
50,100,0.2631578947368421,0.22772277227722773,0.24396782841823056,SETW.tsv
100,150,0.29949238578680204,0.3576158940397351,0.32471264367816094,SETW.tsv
150,150,0.0,0.0,0.0,SETW.tsv
