begin,end,s1_er_ratio,s2_er_ratio,er_ratio_average,file
0,50,0.29850746268656714,0.12680115273775217,0.1686046511627907,SEZB.tsv
50,100,0.4666666666666667,0.31839258114374036,0.36205016357688113,SEZB.tsv
100,150,0.601010101010101,0.4074074074074074,0.4657534246575342,SEZB.tsv
150,163,0.5952380952380952,0.5135135135135135,0.5569620253164557,SEZB.tsv
