begin,end,s1_er_ratio,s2_er_ratio,er_ratio_average,file
0,50,0.11072664359861592,0.378698224852071,0.2096069868995633,SHP3.tsv
50,100,0.18766066838046272,0.3717948717948718,0.24036697247706423,SHP3.tsv
100,150,0.3333333333333333,0.4264705882352941,0.36342042755344417,SHP3.tsv
150,200,0.37681159420289856,0.48322147651006714,0.4396039603960396,SHP3.tsv
200,250,0.4356060606060606,0.4745762711864407,0.4512471655328798,SHP3.tsv
250,287,0.3952702702702703,0.5037593984962406,0.4289044289044289,SHP3.tsv
