begin,end,s1_er_ratio,s2_er_ratio,er_ratio_average,file
0,50,0.24066390041493776,0.16015625,0.18592297476759628,SHSD.tsv
50,100,0.3577023498694517,0.39109697933227344,0.3784584980237154,SHSD.tsv
100,150,0.4562043795620438,0.5454545454545454,0.489749430523918,SHSD.tsv
150,200,0.5116959064327485,0.5113122171945701,0.5115452930728241,SHSD.tsv
200,250,0.5970149253731343,0.45294117647058824,0.4936708860759494,SHSD.tsv
250,300,0.5253164556962026,0.4947916666666667,0.503690036900369,SHSD.tsv
300,350,0.5679012345679012,0.5292307692307693,0.5420944558521561,SHSD.tsv
350,354,0.0,0.2,0.16666666666666666,SHSD.tsv
