begin,end,s1_er_ratio,s2_er_ratio,er_ratio_average,file
0,50,0.1282051282051282,0.3387096774193548,0.18807339449541285,SJTE.tsv
50,100,0.17590361445783131,0.3412698412698413,0.2144177449168207,SJTE.tsv
100,150,0.2561307901907357,0.5032679738562091,0.32884615384615384,SJTE.tsv
150,190,0.2872340425531915,0.5032679738562091,0.3632183908045977,SJTE.tsv
