begin,end,s1_er_ratio,s2_er_ratio,er_ratio_average,file
0,50,0.14977973568281938,0.17073170731707318,0.1585677749360614,SKJ4.tsv
50,100,0.3275862068965517,0.30434782608695654,0.31564245810055863,SKJ4.tsv
100,150,0.3236994219653179,0.39893617021276595,0.3628808864265928,SKJ4.tsv
150,200,0.4148936170212766,0.30824372759856633,0.3351206434316354,SKJ4.tsv
200,250,0.38271604938271603,0.3978494623655914,0.39444444444444443,SKJ4.tsv
250,274,0.4878048780487805,0.3782051282051282,0.41596638655462187,SKJ4.tsv
