begin,end,s1_er_ratio,s2_er_ratio,er_ratio_average,file
0,50,0.1048951048951049,0.13291139240506328,0.12418300653594772,SRCA.tsv
50,100,0.2527881040892193,0.34545454545454546,0.2572944297082228,SRCA.tsv
100,150,0.26618705035971224,0.5017421602787456,0.42488262910798125,SRCA.tsv
150,200,0.35526315789473684,0.5359477124183006,0.45880149812734083,SRCA.tsv
200,229,0.5585106382978723,0.5567010309278351,0.5575916230366492,SRCA.tsv
