begin,end,s1_er_ratio,s2_er_ratio,er_ratio_average,file
0,50,0.21568627450980393,0.13478260869565217,0.15963855421686746,SRVD.tsv
50,100,0.3111111111111111,0.21904761904761905,0.24666666666666667,SRVD.tsv
100,150,0.24390243902439024,0.3185840707964602,0.2796610169491525,SRVD.tsv
150,200,0.3076923076923077,0.2938775510204082,0.2979942693409742,SRVD.tsv
200,250,0.33793103448275863,0.3171428571428571,0.32323232323232326,SRVD.tsv
250,300,0.4935064935064935,0.4251207729468599,0.45429362880886426,SRVD.tsv
300,334,0.45,0.5138888888888888,0.4716981132075472,SRVD.tsv
