begin,end,s1_er_ratio,s2_er_ratio,er_ratio_average,file
0,50,0.2816399286987522,0.3009118541033435,0.28876404494382024,STBF.tsv
50,100,0.4689265536723164,0.43636363636363634,0.4499411071849234,STBF.tsv
100,150,0.5286506469500925,0.5096011816838996,0.5180623973727422,STBF.tsv
150,200,0.59,0.5982142857142857,0.5943396226415094,STBF.tsv
200,207,0.6153846153846154,0.5833333333333334,0.6071428571428571,STBF.tsv
