begin,end,s1_er_ratio,s2_er_ratio,er_ratio_average,file
0,50,0.04552129221732746,0.20078740157480315,0.0877005347593583,SXJW.tsv
50,100,0.20675105485232068,0.3580645161290323,0.29250457038391225,SXJW.tsv
100,150,0.2528216704288939,0.5254237288135594,0.33064516129032256,SXJW.tsv
150,200,0.3316582914572864,0.4939434724091521,0.4596602972399151,SXJW.tsv
200,238,0.3958333333333333,0.4221598877980365,0.41903584672435107,SXJW.tsv
