begin,end,s1_er_ratio,s2_er_ratio,er_ratio_average,file
0,50,0.2053388090349076,0.4166666666666667,0.29850746268656714,SXPD.tsv
50,100,0.44575471698113206,0.4652567975830816,0.4543046357615894,SXPD.tsv
100,101,0.0,0.0,0.0,SXPD.tsv
