begin,end,s1_er_ratio,s2_er_ratio,er_ratio_average,file
0,50,0.23837209302325582,0.1270718232044199,0.1813031161473088,SZR7.tsv
50,100,0.3050847457627119,0.3371647509578544,0.32193158953722334,SZR7.tsv
100,150,0.4672897196261682,0.3053691275167785,0.34814814814814815,SZR7.tsv
150,200,0.47959183673469385,0.45365853658536587,0.46633416458852867,SZR7.tsv
200,250,0.3891891891891892,0.37755102040816324,0.38204592901878914,SZR7.tsv
250,300,0.5392857142857143,0.5434782608695652,0.5406698564593302,SZR7.tsv
300,325,0.35964912280701755,0.375,0.3651685393258427,SZR7.tsv
