speaker1,speaker1_token_number,speaker1_expression_token_number,speaker1_expression_number,speaker1_er_ratio,speaker2,speaker2_token_number,speaker2_expression_token_number,speaker2_expression_number,speaker2_er_ratio,speaker3,speaker3_token_number,speaker3_expression_token_number,speaker3_expression_number,speaker3_er_ratio,total_token_number,total_er_token_number,av_er_ratio,total_er_number,begin,end,file
S0417,267,64,55,0.2397003745318352,S0416,268,144,125,0.5373134328358209,S0418,0,0,0,0.0,535,208,0.38878504672897196,180,0,50,S3CK.tsv
S0417,415,103,95,0.24819277108433735,S0416,307,172,146,0.5602605863192183,S0418,0,0,0,0.0,722,275,0.3808864265927978,241,50,100,S3CK.tsv
S0417,144,53,51,0.3680555555555556,S0416,175,44,39,0.25142857142857145,S0418,0,0,0,0.0,319,97,0.30407523510971785,90,100,150,S3CK.tsv
S0417,245,95,89,0.3877551020408163,S0416,250,120,105,0.48,S0418,0,0,0,0.0,495,215,0.43434343434343436,194,150,200,S3CK.tsv
S0417,254,75,71,0.2952755905511811,S0416,187,75,70,0.40106951871657753,S0418,0,0,0,0.0,441,150,0.3401360544217687,141,200,250,S3CK.tsv
S0417,301,110,100,0.3654485049833887,S0416,207,65,58,0.3140096618357488,S0418,0,0,0,0.0,508,175,0.34448818897637795,158,250,300,S3CK.tsv
S0417,91,53,47,0.5824175824175825,S0416,481,88,83,0.18295218295218296,S0418,2,0,0,0.0,574,141,0.2456445993031359,130,300,350,S3CK.tsv
S0417,158,73,66,0.4620253164556962,S0416,222,94,86,0.42342342342342343,S0418,0,0,0,0.0,380,167,0.4394736842105263,152,350,400,S3CK.tsv
S0417,32,13,6,0.40625,S0416,32,2,2,0.0625,S0418,0,0,0,0.0,64,15,0.234375,8,400,410,S3CK.tsv
