speaker1,speaker1_token_number,speaker1_expression_token_number,speaker1_expression_number,speaker1_er_ratio,speaker2,speaker2_token_number,speaker2_expression_token_number,speaker2_expression_number,speaker2_er_ratio,speaker3,speaker3_token_number,speaker3_expression_token_number,speaker3_expression_number,speaker3_er_ratio,total_token_number,total_er_token_number,av_er_ratio,total_er_number,begin,end,file
S0390,186,74,63,0.3978494623655914,S0392,281,129,106,0.45907473309608543,S0391,20,4,4,0.2,487,207,0.42505133470225875,173,0,50,S3CP.tsv
S0390,168,89,82,0.5297619047619048,S0392,221,76,61,0.3438914027149321,S0391,122,64,50,0.5245901639344263,511,229,0.4481409001956947,193,50,100,S3CP.tsv
S0390,230,78,73,0.3391304347826087,S0392,186,73,54,0.3924731182795699,S0391,51,33,23,0.6470588235294118,467,184,0.39400428265524623,150,100,150,S3CP.tsv
S0390,192,36,32,0.1875,S0392,120,38,37,0.31666666666666665,S0391,123,64,61,0.5203252032520326,435,138,0.31724137931034485,130,150,200,S3CP.tsv
S0390,177,26,25,0.14689265536723164,S0392,28,14,13,0.5,S0391,9,0,0,0.0,214,40,0.18691588785046728,38,200,223,S3CP.tsv
