speaker1,speaker1_token_number,speaker1_expression_token_number,speaker1_expression_number,speaker1_er_ratio,speaker2,speaker2_token_number,speaker2_expression_token_number,speaker2_expression_number,speaker2_er_ratio,speaker3,speaker3_token_number,speaker3_expression_token_number,speaker3_expression_number,speaker3_er_ratio,total_token_number,total_er_token_number,av_er_ratio,total_er_number,begin,end,file
S0384,62,15,15,0.24193548387096775,S0187,117,42,31,0.358974358974359,S0188,85,35,35,0.4117647058823529,264,92,0.3484848484848485,81,0,50,S4T3.tsv
S0384,85,23,18,0.27058823529411763,S0187,184,81,67,0.44021739130434784,S0188,67,32,28,0.47761194029850745,336,136,0.40476190476190477,113,50,100,S4T3.tsv
S0384,41,12,8,0.2926829268292683,S0187,153,32,31,0.20915032679738563,S0188,65,21,17,0.3230769230769231,259,65,0.25096525096525096,56,100,150,S4T3.tsv
S0384,91,28,25,0.3076923076923077,S0187,129,48,40,0.37209302325581395,S0188,48,24,19,0.5,268,100,0.373134328358209,84,150,200,S4T3.tsv
S0384,138,30,26,0.21739130434782608,S0187,124,46,42,0.3709677419354839,S0188,99,67,37,0.6767676767676768,361,143,0.3961218836565097,105,200,250,S4T3.tsv
S0384,85,25,24,0.29411764705882354,S0187,118,34,33,0.288135593220339,S0188,74,33,31,0.44594594594594594,277,92,0.33212996389891697,88,250,300,S4T3.tsv
S0384,62,22,19,0.3548387096774194,S0187,105,30,24,0.2857142857142857,S0188,92,41,32,0.44565217391304346,259,93,0.3590733590733591,75,300,350,S4T3.tsv
S0384,140,61,57,0.4357142857142857,S0187,283,103,92,0.36395759717314485,S0188,27,1,1,0.037037037037037035,450,165,0.36666666666666664,150,350,400,S4T3.tsv
S0384,79,32,29,0.4050632911392405,S0187,98,12,12,0.12244897959183673,S0188,0,0,0,0.0,177,44,0.24858757062146894,41,400,421,S4T3.tsv
