speaker1,speaker1_token_number,speaker1_expression_token_number,speaker1_expression_number,speaker1_er_ratio,speaker2,speaker2_token_number,speaker2_expression_token_number,speaker2_expression_number,speaker2_er_ratio,speaker3,speaker3_token_number,speaker3_expression_token_number,speaker3_expression_number,speaker3_er_ratio,speaker4,speaker4_token_number,speaker4_expression_token_number,speaker4_expression_number,speaker4_er_ratio,total_token_number,total_er_token_number,av_er_ratio,total_er_number,begin,end,file
S0417,53,8,8,0.1509433962264151,S0416,144,69,59,0.4791666666666667,S0475,155,80,73,0.5161290322580645,S0415,0,0,0,0.0,352,157,0.4460227272727273,140,0,50,S477.tsv
S0417,25,12,10,0.48,S0416,110,23,21,0.20909090909090908,S0475,126,44,42,0.3492063492063492,S0415,32,14,11,0.4375,293,93,0.3174061433447099,84,50,100,S477.tsv
S0417,60,35,34,0.5833333333333334,S0416,13,2,2,0.15384615384615385,S0475,317,89,89,0.2807570977917981,S0415,16,0,0,0.0,406,126,0.3103448275862069,125,100,150,S477.tsv
S0417,60,32,30,0.5333333333333333,S0416,0,0,0,0.0,S0475,459,55,54,0.11982570806100218,S0415,0,0,0,0.0,519,87,0.1676300578034682,84,150,200,S477.tsv
S0417,22,6,5,0.2727272727272727,S0416,83,49,43,0.5903614457831325,S0475,302,92,75,0.304635761589404,S0415,0,0,0,0.0,407,147,0.36117936117936117,123,200,250,S477.tsv
S0417,43,12,12,0.27906976744186046,S0416,152,52,46,0.34210526315789475,S0475,169,87,80,0.514792899408284,S0415,0,0,0,0.0,364,151,0.41483516483516486,138,250,300,S477.tsv
S0417,190,100,79,0.5263157894736842,S0416,126,21,11,0.16666666666666666,S0475,115,39,30,0.3391304347826087,S0415,0,0,0,0.0,431,160,0.37122969837587005,120,300,350,S477.tsv
S0417,3,0,0,0.0,S0416,143,56,56,0.3916083916083916,S0475,95,39,39,0.4105263157894737,S0415,0,0,0,0.0,241,95,0.3941908713692946,95,350,392,S477.tsv
