speaker1,speaker1_token_number,speaker1_expression_token_number,speaker1_expression_number,speaker1_er_ratio,speaker2,speaker2_token_number,speaker2_expression_token_number,speaker2_expression_number,speaker2_er_ratio,speaker3,speaker3_token_number,speaker3_expression_token_number,speaker3_expression_number,speaker3_er_ratio,speaker4,speaker4_token_number,speaker4_expression_token_number,speaker4_expression_number,speaker4_er_ratio,total_token_number,total_er_token_number,av_er_ratio,total_er_number,begin,end,file
S0655,46,22,19,0.4782608695652174,S0653,151,50,42,0.33112582781456956,S0654,51,14,13,0.27450980392156865,S0652,50,22,20,0.44,298,108,0.3624161073825503,94,0,50,S8TN.tsv
S0655,64,23,22,0.359375,S0653,111,46,39,0.4144144144144144,S0654,102,28,21,0.27450980392156865,S0652,24,14,12,0.5833333333333334,301,111,0.3687707641196013,94,50,100,S8TN.tsv
S0655,42,23,13,0.5476190476190477,S0653,107,31,23,0.2897196261682243,S0654,55,25,19,0.45454545454545453,S0652,64,30,25,0.46875,268,109,0.40671641791044777,80,100,150,S8TN.tsv
S0655,33,11,10,0.3333333333333333,S0653,115,17,17,0.14782608695652175,S0654,20,9,8,0.45,S0652,110,48,42,0.43636363636363634,278,85,0.3057553956834532,77,150,200,S8TN.tsv
S0655,51,7,6,0.13725490196078433,S0653,109,44,40,0.4036697247706422,S0654,51,25,24,0.49019607843137253,S0652,52,19,18,0.36538461538461536,263,95,0.3612167300380228,88,200,250,S8TN.tsv
S0655,74,32,25,0.43243243243243246,S0653,97,30,29,0.30927835051546393,S0654,20,7,6,0.35,S0652,36,15,12,0.4166666666666667,227,84,0.3700440528634361,72,250,300,S8TN.tsv
S0655,18,9,9,0.5,S0653,99,23,21,0.23232323232323232,S0654,47,23,21,0.48936170212765956,S0652,127,38,33,0.2992125984251969,291,93,0.31958762886597936,84,300,350,S8TN.tsv
S0655,40,21,20,0.525,S0653,37,13,13,0.35135135135135137,S0654,12,5,4,0.4166666666666667,S0652,65,10,9,0.15384615384615385,154,49,0.3181818181818182,46,350,386,S8TN.tsv
