speaker1,speaker1_token_number,speaker1_expression_token_number,speaker1_expression_number,speaker1_er_ratio,speaker2,speaker2_token_number,speaker2_expression_token_number,speaker2_expression_number,speaker2_er_ratio,speaker3,speaker3_token_number,speaker3_expression_token_number,speaker3_expression_number,speaker3_er_ratio,speaker4,speaker4_token_number,speaker4_expression_token_number,speaker4_expression_number,speaker4_er_ratio,total_token_number,total_er_token_number,av_er_ratio,total_er_number,begin,end,file
S0652,21,10,9,0.47619047619047616,S0655,103,29,26,0.2815533980582524,S0653,187,46,35,0.24598930481283424,S0654,97,54,51,0.5567010309278351,408,139,0.34068627450980393,121,0,50,SP45.tsv
S0652,141,66,58,0.46808510638297873,S0655,21,7,6,0.3333333333333333,S0653,167,54,47,0.32335329341317365,S0654,15,4,2,0.26666666666666666,344,131,0.3808139534883721,113,50,100,SP45.tsv
S0652,358,30,25,0.08379888268156424,S0655,123,70,51,0.5691056910569106,S0653,271,155,124,0.5719557195571956,S0654,23,14,9,0.6086956521739131,775,269,0.3470967741935484,209,100,150,SP45.tsv
S0652,100,44,36,0.44,S0655,49,28,19,0.5714285714285714,S0653,349,130,115,0.37249283667621774,S0654,43,24,17,0.5581395348837209,541,226,0.4177449168207024,187,150,200,SP45.tsv
S0652,51,21,15,0.4117647058823529,S0655,41,13,13,0.3170731707317073,S0653,76,21,20,0.27631578947368424,S0654,38,18,17,0.47368421052631576,206,73,0.35436893203883496,65,200,233,SP45.tsv
