speaker1,speaker1_token_number,speaker1_expression_token_number,speaker1_expression_number,speaker1_er_ratio,speaker2,speaker2_token_number,speaker2_expression_token_number,speaker2_expression_number,speaker2_er_ratio,speaker3,speaker3_token_number,speaker3_expression_token_number,speaker3_expression_number,speaker3_er_ratio,speaker4,speaker4_token_number,speaker4_expression_token_number,speaker4_expression_number,speaker4_er_ratio,total_token_number,total_er_token_number,av_er_ratio,total_er_number,begin,end,file
S0013,90,28,25,0.3111111111111111,S0024,137,57,49,0.41605839416058393,S0012,1,0,0,0.0,S0144,39,15,13,0.38461538461538464,267,100,0.37453183520599254,87,0,50,S37Y.tsv
S0013,90,31,28,0.34444444444444444,S0024,134,84,68,0.6268656716417911,S0012,81,42,32,0.5185185185185185,S0144,60,40,30,0.6666666666666666,365,197,0.5397260273972603,158,50,100,S37Y.tsv
S0013,117,82,65,0.7008547008547008,S0024,218,129,112,0.591743119266055,S0012,28,20,16,0.7142857142857143,S0144,41,36,28,0.8780487804878049,404,267,0.6608910891089109,221,100,150,S37Y.tsv
S0013,64,49,38,0.765625,S0024,220,172,151,0.7818181818181819,S0012,3,3,3,1.0,S0144,142,106,87,0.7464788732394366,429,330,0.7692307692307693,279,150,200,S37Y.tsv
S0013,0,0,0,0.0,S0024,281,221,174,0.7864768683274022,S0012,0,0,0,0.0,S0144,183,146,120,0.7978142076502732,464,367,0.790948275862069,294,200,250,S37Y.tsv
S0013,5,5,3,1.0,S0024,184,139,108,0.7554347826086957,S0012,0,0,0,0.0,S0144,87,75,60,0.8620689655172413,276,219,0.7934782608695652,171,250,300,S37Y.tsv
S0013,0,0,0,0.0,S0024,213,158,131,0.7417840375586855,S0012,0,0,0,0.0,S0144,166,147,104,0.8855421686746988,379,305,0.8047493403693932,235,300,341,S37Y.tsv
