speaker1,speaker1_token_number,speaker1_expression_token_number,speaker1_expression_number,speaker1_er_ratio,speaker2,speaker2_token_number,speaker2_expression_token_number,speaker2_expression_number,speaker2_er_ratio,speaker3,speaker3_token_number,speaker3_expression_token_number,speaker3_expression_number,speaker3_er_ratio,speaker4,speaker4_token_number,speaker4_expression_token_number,speaker4_expression_number,speaker4_er_ratio,total_token_number,total_er_token_number,av_er_ratio,total_er_number,begin,end,file
S0417,53,7,7,0.1320754716981132,S0416,144,68,58,0.4722222222222222,S0475,155,55,48,0.3548387096774194,S0415,0,0,0,0.0,352,130,0.3693181818181818,113,0,50,S477.tsv
S0417,25,15,13,0.6,S0416,110,49,43,0.44545454545454544,S0475,126,55,47,0.4365079365079365,S0415,32,17,13,0.53125,293,136,0.4641638225255973,116,50,100,S477.tsv
S0417,60,49,45,0.8166666666666667,S0416,13,8,6,0.6153846153846154,S0475,317,161,149,0.5078864353312302,S0415,16,6,6,0.375,406,224,0.5517241379310345,206,100,150,S477.tsv
S0417,60,53,44,0.8833333333333333,S0416,0,0,0,0.0,S0475,459,274,244,0.5969498910675382,S0415,0,0,0,0.0,519,327,0.630057803468208,288,150,200,S477.tsv
S0417,22,21,16,0.9545454545454546,S0416,83,53,39,0.6385542168674698,S0475,302,218,177,0.7218543046357616,S0415,0,0,0,0.0,407,292,0.7174447174447175,232,200,250,S477.tsv
S0417,43,29,24,0.6744186046511628,S0416,152,123,94,0.8092105263157895,S0475,169,126,109,0.7455621301775148,S0415,0,0,0,0.0,364,278,0.7637362637362637,227,250,300,S477.tsv
S0417,190,156,105,0.8210526315789474,S0416,126,90,62,0.7142857142857143,S0475,115,76,67,0.6608695652173913,S0415,0,0,0,0.0,431,322,0.7470997679814385,234,300,350,S477.tsv
S0417,3,3,1,1.0,S0416,143,125,101,0.8741258741258742,S0475,95,77,71,0.8105263157894737,S0415,0,0,0,0.0,241,205,0.8506224066390041,173,350,392,S477.tsv
