speaker1,speaker1_token_number,speaker1_expression_token_number,speaker1_expression_number,speaker1_er_ratio,speaker2,speaker2_token_number,speaker2_expression_token_number,speaker2_expression_number,speaker2_er_ratio,speaker3,speaker3_token_number,speaker3_expression_token_number,speaker3_expression_number,speaker3_er_ratio,speaker4,speaker4_token_number,speaker4_expression_token_number,speaker4_expression_number,speaker4_er_ratio,total_token_number,total_er_token_number,av_er_ratio,total_er_number,begin,end,file
S0309,428,74,73,0.17289719626168223,S0268,29,19,17,0.6551724137931034,S0308,33,11,11,0.3333333333333333,S0266,0,0,0,0.0,490,104,0.21224489795918366,101,0,50,S9RV.tsv
S0309,654,244,231,0.3730886850152905,S0268,12,7,6,0.5833333333333334,S0308,66,46,42,0.696969696969697,S0266,0,0,0,0.0,732,297,0.4057377049180328,279,50,100,S9RV.tsv
S0309,633,267,247,0.4218009478672986,S0268,23,21,19,0.9130434782608695,S0308,19,16,14,0.8421052631578947,S0266,11,6,4,0.5454545454545454,686,310,0.4518950437317784,284,100,150,S9RV.tsv
S0309,508,257,237,0.5059055118110236,S0268,29,26,20,0.896551724137931,S0308,49,35,28,0.7142857142857143,S0266,4,3,2,0.75,590,321,0.5440677966101695,287,150,200,S9RV.tsv
S0309,308,187,167,0.6071428571428571,S0268,40,32,25,0.8,S0308,143,128,101,0.8951048951048951,S0266,53,44,35,0.8301886792452831,544,391,0.71875,328,200,250,S9RV.tsv
S0309,311,222,175,0.7138263665594855,S0268,365,294,210,0.8054794520547945,S0308,14,12,9,0.8571428571428571,S0266,31,25,18,0.8064516129032258,721,553,0.7669902912621359,412,250,300,S9RV.tsv
S0309,114,86,69,0.7543859649122807,S0268,50,41,28,0.82,S0308,382,307,206,0.8036649214659686,S0266,36,27,20,0.75,582,461,0.7920962199312714,323,300,350,S9RV.tsv
S0309,410,313,247,0.7634146341463415,S0268,33,29,22,0.8787878787878788,S0308,29,24,17,0.8275862068965517,S0266,93,84,58,0.9032258064516129,565,450,0.7964601769911505,344,350,400,S9RV.tsv
S0309,53,36,31,0.6792452830188679,S0268,2,2,2,1.0,S0308,45,35,25,0.7777777777777778,S0266,27,24,21,0.8888888888888888,127,97,0.7637795275590551,79,400,418,S9RV.tsv
