speaker1,speaker1_token_number,speaker1_expression_token_number,speaker1_expression_number,speaker1_er_ratio,speaker2,speaker2_token_number,speaker2_expression_token_number,speaker2_expression_number,speaker2_er_ratio,speaker3,speaker3_token_number,speaker3_expression_token_number,speaker3_expression_number,speaker3_er_ratio,speaker4,speaker4_token_number,speaker4_expression_token_number,speaker4_expression_number,speaker4_er_ratio,total_token_number,total_er_token_number,av_er_ratio,total_er_number,begin,end,file
S0392,90,36,31,0.4,S0397,83,32,27,0.3855421686746988,S0393,68,20,17,0.29411764705882354,S0391,84,11,11,0.13095238095238096,325,99,0.3046153846153846,86,0,50,SPZ4.tsv
S0392,104,61,44,0.5865384615384616,S0397,78,35,28,0.44871794871794873,S0393,62,23,20,0.3709677419354839,S0391,43,19,16,0.4418604651162791,287,138,0.4808362369337979,108,50,100,SPZ4.tsv
S0392,134,83,71,0.6194029850746269,S0397,58,38,28,0.6551724137931034,S0393,34,18,16,0.5294117647058824,S0391,73,44,36,0.6027397260273972,299,183,0.6120401337792643,151,100,150,SPZ4.tsv
S0392,174,113,93,0.6494252873563219,S0397,148,107,80,0.722972972972973,S0393,51,39,33,0.7647058823529411,S0391,112,53,47,0.4732142857142857,485,312,0.643298969072165,253,150,200,SPZ4.tsv
S0392,158,128,101,0.810126582278481,S0397,104,77,64,0.7403846153846154,S0393,82,49,40,0.5975609756097561,S0391,81,61,41,0.7530864197530864,425,315,0.7411764705882353,246,200,250,SPZ4.tsv
S0392,205,172,134,0.8390243902439024,S0397,116,98,76,0.8448275862068966,S0393,20,16,13,0.8,S0391,19,14,11,0.7368421052631579,360,300,0.8333333333333334,234,250,300,SPZ4.tsv
S0392,231,187,141,0.8095238095238095,S0397,73,62,46,0.8493150684931506,S0393,31,23,19,0.7419354838709677,S0391,0,0,0,0.0,335,272,0.8119402985074626,206,300,350,SPZ4.tsv
S0392,100,60,52,0.6,S0397,180,140,116,0.7777777777777778,S0393,22,18,17,0.8181818181818182,S0391,0,0,0,0.0,302,218,0.7218543046357616,185,350,396,SPZ4.tsv
