begin,end,s1_er_ratio,s2_er_ratio,er_ratio_average,file
0,50,0.12222222222222222,0.17289719626168223,0.14974619289340102,S2FT.tsv
50,100,0.16568047337278108,0.2822822822822823,0.24302788844621515,S2FT.tsv
100,150,0.29444444444444445,0.32235294117647056,0.3140495867768595,S2FT.tsv
150,200,0.44075829383886256,0.359375,0.40198511166253104,S2FT.tsv
200,250,0.4557823129251701,0.38671875,0.40212443095599393,S2FT.tsv
250,253,0.0,0.5714285714285714,0.5405405405405406,S2FT.tsv
