begin,end,s1_er_ratio,s2_er_ratio,er_ratio_average,file
0,50,0.3218390804597701,0.0718232044198895,0.15298507462686567,S2TP.tsv
50,100,0.5294117647058824,0.0811965811965812,0.13805970149253732,S2TP.tsv
100,150,0.37142857142857144,0.14130434782608695,0.2047244094488189,S2TP.tsv
150,200,0.33088235294117646,0.25118483412322273,0.2824207492795389,S2TP.tsv
200,250,0.42857142857142855,0.30952380952380953,0.3445378151260504,S2TP.tsv
250,300,0.504424778761062,0.2305084745762712,0.30637254901960786,S2TP.tsv
300,350,0.3972602739726027,0.33976833976833976,0.35240963855421686,S2TP.tsv
350,400,0.48,0.36153846153846153,0.38064516129032255,S2TP.tsv
400,433,0.5,0.2734375,0.3423913043478261,S2TP.tsv
