begin,end,s1_er_ratio,s2_er_ratio,er_ratio_average,file
0,50,0.2746615087040619,0.21458625525946703,0.23983739837398374,S7LN.tsv
50,100,0.4926900584795322,0.2828282828282828,0.40458015267175573,S7LN.tsv
100,150,0.5251798561151079,0.51010101010101,0.5173913043478261,S7LN.tsv
150,189,0.6034063260340633,0.5245098039215687,0.5772357723577236,S7LN.tsv
