begin,end,s1_er_ratio,s2_er_ratio,er_ratio_average,file
0,50,0.2983606557377049,0.22085889570552147,0.2583201267828843,SABT.tsv
50,100,0.34942528735632183,0.3712374581939799,0.3583106267029973,SABT.tsv
100,150,0.40076335877862596,0.4958217270194986,0.43941109852774635,SABT.tsv
150,200,0.4682926829268293,0.4876543209876543,0.4768392370572207,SABT.tsv
200,250,0.5375939849624061,0.5303370786516854,0.534288638689867,SABT.tsv
250,300,0.6208333333333333,0.5629820051413882,0.5949367088607594,SABT.tsv
300,350,0.5825771324863884,0.6015180265654649,0.5918367346938775,SABT.tsv
350,350,0.0,0.0,0.0,SABT.tsv
