begin,end,s1_er_ratio,s2_er_ratio,er_ratio_average,file
0,50,0.27555555555555555,0.14761904761904762,0.21379310344827587,SEJ7.tsv
50,100,0.5060975609756098,0.4713375796178344,0.48326359832635984,SEJ7.tsv
100,150,0.50199203187251,0.3477406679764244,0.3986842105263158,SEJ7.tsv
150,200,0.5588235294117647,0.4822222222222222,0.5032258064516129,SEJ7.tsv
200,250,0.5625,0.37886178861788616,0.425273390036452,SEJ7.tsv
250,300,0.615606936416185,0.5309278350515464,0.5708446866485014,SEJ7.tsv
300,329,0.6842105263157895,0.535031847133758,0.5747663551401869,SEJ7.tsv
