begin,end,s1_er_ratio,s2_er_ratio,er_ratio_average,file
0,50,0.08267716535433071,0.14838709677419354,0.10757946210268948,SEKX.tsv
50,100,0.1833810888252149,0.37209302325581395,0.23430962343096234,SEKX.tsv
100,150,0.25663716814159293,0.359375,0.284796573875803,SEKX.tsv
150,200,0.2903225806451613,0.4172661870503597,0.3359173126614987,SEKX.tsv
200,240,0.30344827586206896,0.4166666666666667,0.3574007220216607,SEKX.tsv
