begin,end,s1_er_ratio,s2_er_ratio,er_ratio_average,file
0,50,0.18309859154929578,0.18849840255591055,0.18631178707224336,SF2F.tsv
50,100,0.3302752293577982,0.2774566473988439,0.2978723404255319,SF2F.tsv
100,150,0.44495412844036697,0.4307692307692308,0.43646408839779005,SF2F.tsv
150,200,0.4907161803713528,0.39775280898876403,0.44038929440389296,SF2F.tsv
200,250,0.506896551724138,0.46825396825396826,0.488929889298893,SF2F.tsv
250,300,0.5416666666666666,0.48872180451127817,0.528046421663443,SF2F.tsv
300,350,0.5386666666666666,0.6130268199233716,0.5691823899371069,SF2F.tsv
350,400,0.6096938775510204,0.5507246376811594,0.582089552238806,SF2F.tsv
400,411,0.40476190476190477,0.5512820512820513,0.47530864197530864,SF2F.tsv
