begin,end,s1_er_ratio,s2_er_ratio,er_ratio_average,file
0,50,0.08539944903581267,0.3129251700680272,0.15098039215686274,SFET.tsv
50,100,0.3403141361256545,0.31140350877192985,0.324582338902148,SFET.tsv
100,150,0.32051282051282054,0.38219895287958117,0.33839150227617604,SFET.tsv
150,200,0.3942307692307692,0.33532934131736525,0.368,SFET.tsv
200,250,0.36857142857142855,0.48333333333333334,0.39787234042553193,SFET.tsv
250,300,0.3980891719745223,0.4909090909090909,0.4221698113207547,SFET.tsv
300,326,0.3888888888888889,0.45454545454545453,0.4053030303030303,SFET.tsv
