begin,end,s1_er_ratio,s2_er_ratio,er_ratio_average,file
0,50,0.09462915601023018,0.2040302267002519,0.14974619289340102,SHXF.tsv
50,100,0.4421052631578947,0.2730263157894737,0.3132832080200501,SHXF.tsv
100,150,0.4331065759637188,0.39882697947214074,0.41815856777493604,SHXF.tsv
150,200,0.4448871181938911,0.4755784061696658,0.4553415061295972,SHXF.tsv
200,250,0.5555555555555556,0.5190258751902588,0.528344671201814,SHXF.tsv
250,300,0.49238578680203043,0.4843517138599106,0.4861751152073733,SHXF.tsv
300,318,0.7380952380952381,0.49206349206349204,0.5904761904761905,SHXF.tsv
