begin,end,s1_er_ratio,s2_er_ratio,er_ratio_average,file
0,50,0.15985130111524162,0.23809523809523808,0.1992619926199262,SL46.tsv
50,100,0.3277310924369748,0.24485981308411214,0.2599388379204893,SL46.tsv
100,120,0.43636363636363634,0.3137254901960784,0.33976833976833976,SL46.tsv
