begin,end,s1_er_ratio,s2_er_ratio,er_ratio_average,file
0,50,0.10606060606060606,0.21403508771929824,0.1621129326047359,SMRU.tsv
50,100,0.3821138211382114,0.2840646651270208,0.3057553956834532,SMRU.tsv
100,150,0.3440366972477064,0.2847222222222222,0.3046153846153846,SMRU.tsv
150,200,0.5306122448979592,0.3844282238442822,0.4316309719934102,SMRU.tsv
200,250,0.44692737430167595,0.42357274401473294,0.4293628808864266,SMRU.tsv
250,300,0.5822784810126582,0.46607669616519176,0.5030181086519114,SMRU.tsv
300,350,0.5493827160493827,0.46320346320346323,0.49872773536895676,SMRU.tsv
350,350,0.0,0.0,0.0,SMRU.tsv
