begin,end,s1_er_ratio,s2_er_ratio,er_ratio_average,file
0,50,0.15579710144927536,0.2233502538071066,0.1839323467230444,SN27.tsv
50,100,0.271523178807947,0.35170603674540685,0.32894736842105265,SN27.tsv
100,150,0.4024896265560166,0.43359375,0.4132791327913279,SN27.tsv
150,200,0.5053763440860215,0.39275766016713093,0.43119266055045874,SN27.tsv
200,235,0.4805194805194805,0.4881516587677725,0.4841628959276018,SN27.tsv
