begin,end,s1_er_ratio,s2_er_ratio,er_ratio_average,file
0,50,0.20465116279069767,0.3,0.22678571428571428,STK7.tsv
50,100,0.3368421052631579,0.5396825396825397,0.39457831325301207,STK7.tsv
100,150,0.5,0.4010791366906475,0.421875,STK7.tsv
150,200,0.595166163141994,0.5,0.5751789976133651,STK7.tsv
200,241,0.48130841121495327,0.6022099447513812,0.5172413793103449,STK7.tsv
