begin,end,s1_er_ratio,s2_er_ratio,er_ratio_average,file
0,50,0.1209563994374121,0.3536977491961415,0.1917808219178082,SXBE.tsv
50,100,0.23626373626373626,0.5010752688172043,0.3580613254203759,SXBE.tsv
100,150,0.4543795620437956,0.4630281690140845,0.45878136200716846,SXBE.tsv
150,200,0.5519630484988453,0.5449101796407185,0.5481798715203426,SXBE.tsv
200,243,0.5741176470588235,0.5392670157068062,0.5633116883116883,SXBE.tsv
