begin,end,s1_er_ratio,s2_er_ratio,er_ratio_average,file
0,50,0.2356020942408377,0.1382488479262673,0.18382352941176472,SXFR.tsv
50,100,0.273224043715847,0.2619047619047619,0.2686084142394822,SXFR.tsv
100,150,0.4533333333333333,0.2978723404255319,0.3668639053254438,SXFR.tsv
150,200,0.42207792207792205,0.4573643410852713,0.43249427917620137,SXFR.tsv
200,250,0.4084507042253521,0.4338235294117647,0.420863309352518,SXFR.tsv
250,269,0.546875,0.46296296296296297,0.5084745762711864,SXFR.tsv
