begin,end,s1_er_ratio,s2_er_ratio,er_ratio_average,file
0,50,0.23333333333333334,0.19753086419753085,0.21185185185185185,SZJ5.tsv
50,100,0.34912280701754383,0.31924198250728864,0.3328025477707006,SZJ5.tsv
100,150,0.5168067226890757,0.406380027739251,0.4337851929092805,SZJ5.tsv
150,200,0.5204918032786885,0.42606516290726815,0.44817658349328215,SZJ5.tsv
200,250,0.5992779783393501,0.5294117647058824,0.554002541296061,SZJ5.tsv
250,252,1.0,0.43243243243243246,0.4878048780487805,SZJ5.tsv
