begin,end,s1_er_ratio,s2_er_ratio,er_ratio_average,file
0,50,0.09523809523809523,0.2154696132596685,0.14317180616740088,SZYV.tsv
50,100,0.27197802197802196,0.3235294117647059,0.286,SZYV.tsv
100,150,0.340153452685422,0.5900900900900901,0.43066884176182707,SZYV.tsv
150,200,0.4657534246575342,0.5845410628019324,0.5038759689922481,SZYV.tsv
200,250,0.4468864468864469,0.624,0.5493827160493827,SZYV.tsv
250,300,0.5817307692307693,0.528125,0.5584239130434783,SZYV.tsv
300,305,0.5555555555555556,0.631578947368421,0.573170731707317,SZYV.tsv
